SURVEY,REGION,YEAR,SUB_REGION_NAME,PRIMARY_SAMPLE_UNIT,LAT_DEGREES,LON_DEGREES,STRAT,HABITAT_CD,PROT,dis_present,ble_present
DRM,SEFCRI,2014,Broward-Miami,4422,26.1602,-80.0830,MIDR0,LIRM,0,0,0
DRM,SEFCRI,2014,Broward-Miami,4423,26.2252,-80.0812,NEAR0,SCRS,0,1,1
DRM,SEFCRI,2014,Broward-Miami,4424,25.7684,-80.0890,OFFR1,LIRO,0,0,1
DRM,SEFCRI,2014,Broward-Miami,4426,26.2504,-80.0653,OFFR1,LIRO,0,0,1
DRM,SEFCRI,2014,Broward-Miami,4427,25.7738,-80.0880,OFFR0,LIRO,0,0,1
DRM,SEFCRI,2014,Broward-Miami,4428,25.9436,-80.0969,OFFR0,CPDP,0,0,1
DRM,SEFCRI,2014,Broward-Miami,4431,26.1774,-80.0919,NEAR1,RGSH,0,1,1
DRM,SEFCRI,2014,Broward-Miami,4432,26.2045,-80.0846,NEAR1,RGSH,0,0,1
DRM,SEFCRI,2014,Broward-Miami,4433,25.7965,-80.1038,NEAR0,RGSH,0,0,1
DRM,SEFCRI,2014,Broward-Miami,4434,25.8371,-80.1055,NEAR0,RGSH,0,0,1
DRM,SEFCRI,2014,Broward-Miami,4435,25.8931,-80.1080,NEAR0,RGSH,0,0,1
DRM,SEFCRI,2014,Broward-Miami,4436,25.9175,-80.1068,NEAR0,RGSH,0,1,1
DRM,SEFCRI,2014,Broward-Miami,4438,26.1539,-80.0820,MIDR1,LIRM,0,0,1
DRM,SEFCRI,2014,Broward-Miami,4439,26.2126,-80.0776,MIDR1,LIRM,0,0,1
DRM,SEFCRI,2014,Broward-Miami,4440,26.2531,-80.0722,MIDR1,LIRM,0,0,1
DRM,SEFCRI,2014,Broward-Miami,4441,25.9021,-80.1000,MIDR0,LIRM,0,0,1
DRM,SEFCRI,2014,Broward-Miami,4442,25.9824,-80.0954,MIDR0,LIRM,0,0,1
DRM,SEFCRI,2014,Broward-Miami,4445,25.8470,-80.0994,INNR1,LIRI,0,1,1
DRM,SEFCRI,2014,Broward-Miami,4446,26.0095,-80.1012,INNR1,LIRI,0,0,1
DRM,SEFCRI,2014,Broward-Miami,4447,26.1593,-80.0890,INNR1,LIRI,0,0,1
DRM,SEFCRI,2014,Broward-Miami,4448,25.7640,-80.0963,INNR0,LIRI,0,0,1
DRM,SEFCRI,2014,Broward-Miami,4449,25.7657,-80.0990,INNR0,LIRI,0,0,1
DRM,SEFCRI,2014,Broward-Miami,4450,25.8759,-80.0992,INNR0,LIRI,0,0,1
DRM,SEFCRI,2014,Broward-Miami,4451,26.0917,-80.0955,INNR0,LIRI,0,0,1
DRM,SEFCRI,2014,Broward-Miami,4674,25.8850,-80.1120,NEAR0,CPSH,0,0,1
DRM,SEFCRI,2014,Broward-Miami,4675,25.8878,-80.1174,NEAR0,CPSH,0,0,1
DRM,SEFCRI,2014,Broward-Miami,5139,25.8472,-80.1041,INNR1,LIRI,0,0,1
DRM,SEFCRI,2014,Broward-Miami,5143,26.0537,-80.0948,MIDR0,LIRM,0,0,1
DRM,SEFCRI,2014,Broward-Miami,5144,26.1043,-80.0894,MIDR0,LIRM,0,0,1
DRM,SEFCRI,2014,Broward-Miami,5146,26.1486,-80.0951,NEAR0,CPSH,0,0,1
DRM,SEFCRI,2014,Broward-Miami,5147,26.1025,-80.0974,NEAR1,CPSH,0,0,1
DRM,SEFCRI,2014,Broward-Miami,5148,26.0645,-80.0857,OFFR1,SPGR,0,0,1
DRM,SEFCRI,2014,Deerfield,4415,26.2630,-80.0768,NEAR0,CPSH,0,1,1
DRM,SEFCRI,2014,Martin,5157,27.1317,-80.1340,NEAR1,RGSH,0,0,1
DRM,SEFCRI,2014,Martin,5158,27.1082,-80.1233,NEAR0,RGSH,0,0,1
DRM,SEFCRI,2014,North Palm Beach,4632,26.7200,-80.0311,NEAR0,RGSH,0,0,0
DRM,SEFCRI,2014,North Palm Beach,5142,26.7270,-80.0321,NEAR0,RGSH,0,0,0
DRM,SEFCRI,2014,South Palm Beach,4409,26.6419,-80.0208,OFFR1,LIRO,0,0,0
DRM,SEFCRI,2014,South Palm Beach,4638,26.7134,-80.0290,NEAR0,RGSH,0,0,1
DRM,SEFCRI,2014,South Palm Beach,5140,26.6507,-80.0206,OFFR1,LIRO,0,0,1
DRM,SEFCRI,2014,South Palm Beach,5141,26.6988,-80.0308,NEAR0,RGSH,0,0,0
DRM,SEFCRI,2015,Broward-Miami,5199,25.8422,-80.1040,INNR0,LIRI,0,0,1
DRM,SEFCRI,2015,Broward-Miami,5204,25.9516,-80.1091,NEAR0,RGSH,0,0,1
DRM,SEFCRI,2015,Broward-Miami,5207,26.1498,-80.0968,NEAR0,CPSH,0,0,0
DRM,SEFCRI,2015,Broward-Miami,5208,26.1479,-80.0959,NEAR1,CPSH,0,1,0
DRM,SEFCRI,2015,Broward-Miami,5209,26.1599,-80.0825,MIDR0,LIRM,0,0,0
DRM,SEFCRI,2015,Broward-Miami,5210,26.1586,-80.0773,OFFR1,SPGR,0,0,0
DRM,SEFCRI,2015,Broward-Miami,5211,26.1494,-80.0894,INNR1,LIRI,0,0,1
DRM,SEFCRI,2015,Broward-Miami,5251,26.2128,-80.0899,NEAR0,RGSH,0,0,1
DRM,SEFCRI,2015,Broward-Miami,5257,26.0882,-80.1012,NEAR0,CPSH,0,0,1
DRM,SEFCRI,2015,Broward-Miami,5259,26.0829,-80.1034,NEAR0,RGSH,0,0,1
DRM,SEFCRI,2015,Broward-Miami,5263,26.0518,-80.1100,NEAR0,CPSH,0,1,1
DRM,SEFCRI,2015,Broward-Miami,5278,25.9439,-80.1133,NEAR0,CPSH,0,0,1
DRM,SEFCRI,2015,Broward-Miami,5279,25.9398,-80.1162,NEAR0,CPSH,0,0,1
DRM,SEFCRI,2015,Broward-Miami,5280,25.9254,-80.1040,NEAR0,CPSH,0,0,1
DRM,SEFCRI,2015,Broward-Miami,5282,25.8826,-80.1139,NEAR0,CPSH,0,1,1
DRM,SEFCRI,2015,Broward-Miami,5286,25.8087,-80.1119,NEAR0,RGSH,0,0,1
DRM,SEFCRI,2015,Broward-Miami,5289,25.7958,-80.0979,NEAR0,RGSH,0,0,1
DRM,SEFCRI,2015,Broward-Miami,5293,26.1099,-80.0996,NEAR1,RGSH,0,0,1
DRM,SEFCRI,2015,Broward-Miami,5297,26.1271,-80.0897,INNR0,LIRI,0,0,1
DRM,SEFCRI,2015,Broward-Miami,5298,26.1225,-80.0910,INNR0,LIRI,0,0,1
DRM,SEFCRI,2015,Broward-Miami,5300,26.0693,-80.0994,INNR0,LIRI,0,1,1
DRM,SEFCRI,2015,Broward-Miami,5301,25.9629,-80.1032,INNR0,LIRI,0,1,1
DRM,SEFCRI,2015,Broward-Miami,5302,25.9501,-80.1010,INNR1,LIRI,0,0,1
DRM,SEFCRI,2015,Broward-Miami,5303,25.8825,-80.1008,INNR0,LIRI,0,0,1
DRM,SEFCRI,2015,Broward-Miami,5306,26.0594,-80.0987,INNR1,LIRI,0,1,1
DRM,SEFCRI,2015,Broward-Miami,5308,25.8906,-80.1008,INNR1,LIRI,0,0,1
DRM,SEFCRI,2015,Broward-Miami,5309,25.8492,-80.1043,INNR1,LIRI,0,1,1
DRM,SEFCRI,2015,Broward-Miami,5310,26.1559,-80.0823,MIDR1,LIRM,0,1,1
DRM,SEFCRI,2015,Broward-Miami,5311,25.9592,-80.0989,NEAR0,PTCH,0,1,1
DRM,SEFCRI,2015,Broward-Miami,5312,25.7802,-80.0877,NEAR0,APRD,0,0,1
DRM,SEFCRI,2015,Broward-Miami,5317,26.0630,-80.0925,MIDR0,LIRM,0,1,1
DRM,SEFCRI,2015,Broward-Miami,5318,26.0467,-80.0945,MIDR0,LIRM,0,1,1
DRM,SEFCRI,2015,Broward-Miami,5321,25.8874,-80.0953,MIDR0,LIRM,0,0,1
DRM,SEFCRI,2015,Broward-Miami,5322,25.8292,-80.0919,MIDR0,LIRM,0,0,1
DRM,SEFCRI,2015,Broward-Miami,5326,26.1966,-80.0785,MIDR1,LIRM,0,0,1
DRM,SEFCRI,2015,Broward-Miami,5327,26.0734,-80.0929,MIDR1,LIRM,0,0,1
DRM,SEFCRI,2015,Broward-Miami,5331,25.8249,-80.0905,MIDR1,LIRM,0,0,1
DRM,SEFCRI,2015,Broward-Miami,5333,25.9437,-80.0969,OFFR0,CPDP,0,1,1
DRM,SEFCRI,2015,Broward-Miami,5334,25.8143,-80.0905,OFFR0,CPDP,0,0,0
DRM,SEFCRI,2015,Broward-Miami,5335,26.0097,-80.0878,OFFR1,LIRO,0,1,1
DRM,SEFCRI,2015,Broward-Miami,5563,26.1921,-80.0925,NEAR0,RGSH,0,1,0
DRM,SEFCRI,2015,Broward-Miami,5565,26.1696,-80.0935,NEAR0,RGSH,0,0,1
DRM,SEFCRI,2015,Broward-Miami,5567,26.1370,-80.0944,NEAR0,CPSH,0,1,1
DRM,SEFCRI,2015,Broward-Miami,5569,26.1149,-80.0956,NEAR0,CPSH,0,0,1
DRM,SEFCRI,2015,Broward-Miami,5573,26.0062,-80.1127,NEAR0,CPSH,0,0,1
DRM,SEFCRI,2015,Broward-Miami,5577,25.8929,-80.1043,NEAR0,RGSH,0,0,1
DRM,SEFCRI,2015,Broward-Miami,5585,26.2318,-80.0822,NEAR1,RGSH,0,0,0
DRM,SEFCRI,2015,Broward-Miami,5586,26.1758,-80.0873,INNR0,LIRI,0,0,1
DRM,SEFCRI,2015,Broward-Miami,5587,26.2155,-80.0808,INNR0,LIRI,0,0,1
DRM,SEFCRI,2015,Broward-Miami,5590,26.0815,-80.0978,INNR0,LIRI,0,0,1
DRM,SEFCRI,2015,Broward-Miami,5592,26.1379,-80.0934,INNR1,LIRI,0,0,1
DRM,SEFCRI,2015,Broward-Miami,5598,26.1627,-80.0822,MIDR0,LIRM,0,1,1
DRM,SEFCRI,2015,Broward-Miami,5600,26.0252,-80.0956,MIDR0,LIRM,0,1,1
DRM,SEFCRI,2015,Broward-Miami,5601,25.9790,-80.0961,MIDR0,LIRM,0,0,1
DRM,SEFCRI,2015,Broward-Miami,5602,25.9149,-80.0936,MIDR0,LIRM,0,0,1
DRM,SEFCRI,2015,Broward-Miami,5605,26.2191,-80.0768,MIDR1,LIRM,0,0,1
DRM,SEFCRI,2015,Broward-Miami,5607,26.0260,-80.0943,MIDR1,LIRM,0,1,1
DRM,SEFCRI,2015,Broward-Miami,5609,26.0291,-80.0883,OFFR1,LIRO,0,0,1
DRM,SEFCRI,2015,Broward-Miami,5820,25.8093,-80.1099,NEAR0,RGSH,0,0,1
DRM,SEFCRI,2015,Broward-Miami,5821,25.8039,-80.1050,NEAR0,RGSH,0,0,0
DRM,SEFCRI,2015,Broward-Miami,5822,25.7778,-80.1116,NEAR0,RGSH,0,0,1
DRM,SEFCRI,2015,Broward-Miami,5823,25.7709,-80.0968,INNR0,LIRI,0,0,1
DRM,SEFCRI,2015,Broward-Miami,5846,25.8997,-80.1087,NEAR0,RGSH,0,1,1
DRM,SEFCRI,2015,Broward-Miami,5847,25.8508,-80.1090,NEAR0,RGSH,0,0,0
DRM,SEFCRI,2015,Broward-Miami,5851,26.0714,-80.0961,INNR0,LIRI,0,1,1
DRM,SEFCRI,2015,Broward-Miami,5852,26.1483,-80.0960,NEAR1,CPSH,0,1,1
DRM,SEFCRI,2015,Broward-Miami,5856,26.1586,-80.0773,OFFR1,SPGR,0,1,1
DRM,SEFCRI,2015,Broward-Miami,5857,26.1599,-80.0825,MIDR0,LIRM,0,0,1
DRM,SEFCRI,2015,Broward-Miami,5858,25.9516,-80.1091,NEAR0,RGSH,0,1,1
DRM,SEFCRI,2015,Broward-Miami,5860,25.8423,-80.1042,INNR0,LIRI,0,1,1
DRM,SEFCRI,2015,Broward-Miami,5864,26.1498,-80.0968,NEAR0,CPSH,0,0,0
DRM,SEFCRI,2015,Broward-Miami,5865,26.1479,-80.0960,NEAR1,CPSH,0,0,1
DRM,SEFCRI,2015,Broward-Miami,5866,26.1494,-80.0894,INNR1,LIRI,0,0,1
DRM,SEFCRI,2015,Broward-Miami,5888,25.9087,-80.0863,OFFR1,RGDP,0,1,1
DRM,SEFCRI,2015,Broward-Miami,5889,25.9732,-80.0897,NEAR0,APRD,0,1,1
DRM,SEFCRI,2015,Broward-Miami,5890,25.9983,-80.0894,OFFR0,LIRO,0,1,1
DRM,SEFCRI,2015,Broward-Miami,5891,26.1152,-80.0804,NEAR1,APRD,0,1,1
DRM,SEFCRI,2015,Broward-Miami,5894,26.2415,-80.0664,OFFR1,SPGR,0,0,1
DRM,SEFCRI,2015,Deerfield,5244,26.2904,-80.0747,NEAR0,CPSH,0,0,0
DRM,SEFCRI,2015,Deerfield,5247,26.3028,-80.0678,MIDR0,LIRM,0,0,1
DRM,SEFCRI,2015,Deerfield,5248,26.2939,-80.0687,MIDR1,LIRM,0,0,1
DRM,SEFCRI,2015,Deerfield,5557,26.3030,-80.0746,NEAR0,RGSH,0,0,0
DRM,SEFCRI,2015,Deerfield,5558,26.2606,-80.0764,NEAR0,CPSH,0,0,1
DRM,SEFCRI,2015,Deerfield,5559,26.3630,-80.0616,MIDR0,LIRM,0,0,1
DRM,SEFCRI,2015,Deerfield,5561,26.3183,-80.0655,MIDR1,LIRM,0,0,1
DRM,SEFCRI,2015,Deerfield,5892,26.3079,-80.0655,MIDR1,LIRM,0,0,1
DRM,SEFCRI,2015,Deerfield,5893,26.3516,-80.0552,OFFR1,SPGR,0,1,1
DRM,SEFCRI,2015,Martin,5221,27.1784,-80.1538,NEAR0,RGSH,0,0,0
DRM,SEFCRI,2015,Martin,5224,27.1263,-80.1366,NEAR0,CPSH,0,0,1
DRM,SEFCRI,2015,Martin,5226,27.1326,-80.1324,NEAR1,RGSH,0,0,1
DRM,SEFCRI,2015,Martin,5228,27.1118,-80.1231,NEAR1,RGSH,0,0,0
DRM,SEFCRI,2015,Martin,5545,27.1057,-80.1206,NEAR0,RGSH,0,0,1
DRM,SEFCRI,2015,Martin,5547,27.1426,-80.1369,NEAR1,RGSH,0,0,1
DRM,SEFCRI,2015,South Palm Beach,5236,26.5688,-80.0280,NEAR1,APRD,0,0,1
DRM,SEFCRI,2015,South Palm Beach,5237,26.5516,-80.0304,NEAR0,PTCH,0,0,0
DRM,SEFCRI,2015,South Palm Beach,5238,26.7056,-80.0165,OFFR1,LIRO,0,0,0
DRM,SEFCRI,2015,South Palm Beach,5239,26.7009,-80.0171,OFFR0,LIRO,0,0,1
DRM,SEFCRI,2015,South Palm Beach,5240,26.6894,-80.0195,OFFR0,LIRO,0,0,1
DRM,SEFCRI,2015,South Palm Beach,5241,26.4538,-80.0461,OFFR1,LIRO,0,0,1
DRM,SEFCRI,2015,South Palm Beach,5855,26.6986,-80.0305,NEAR0,RGSH,0,0,1
DRM,SEFCRI,2016,Broward-Miami,5918,25.8422,-80.1040,INNR0,LIRI,0,1,0
DRM,SEFCRI,2016,Broward-Miami,5920,25.8421,-80.0881,OFFR1,LIRO,0,0,0
DRM,SEFCRI,2016,Broward-Miami,5923,25.9516,-80.1091,NEAR0,RGSH,0,0,0
DRM,SEFCRI,2016,Broward-Miami,5927,26.1479,-80.0959,NEAR1,CPSH,0,1,0
DRM,SEFCRI,2016,Broward-Miami,5928,26.1599,-80.0825,MIDR0,LIRM,0,0,1
DRM,SEFCRI,2016,Broward-Miami,5929,26.1586,-80.0773,OFFR1,SPGR,0,0,1
DRM,SEFCRI,2016,Broward-Miami,5930,26.1494,-80.0894,INNR1,LIRI,0,1,1
DRM,SEFCRI,2016,Broward-Miami,6032,26.0773,-80.1076,NEAR0,CPSH,0,1,1
DRM,SEFCRI,2016,Broward-Miami,6033,26.2117,-80.0856,NEAR1,RGSH,0,0,1
DRM,SEFCRI,2016,Broward-Miami,6035,26.1891,-80.0868,INNR0,LIRI,0,0,1
DRM,SEFCRI,2016,Broward-Miami,6038,25.9156,-80.1029,INNR0,LIRI,0,1,1
DRM,SEFCRI,2016,Broward-Miami,6039,25.9463,-80.1026,INNR0,LIRI,0,0,0
DRM,SEFCRI,2016,Broward-Miami,6041,25.9518,-80.0996,INNR1,LIRI,0,1,0
DRM,SEFCRI,2016,Broward-Miami,6042,25.8804,-80.1011,INNR1,LIRI,0,0,1
DRM,SEFCRI,2016,Broward-Miami,6043,26.1909,-80.0847,INNR1,LIRI,0,0,1
DRM,SEFCRI,2016,Broward-Miami,6044,26.0810,-80.0956,INNR1,LIRI,0,0,1
DRM,SEFCRI,2016,Broward-Miami,6045,26.2234,-80.0815,NEAR0,SCRS,0,0,1
DRM,SEFCRI,2016,Broward-Miami,6046,25.7817,-80.0877,NEAR0,APRD,0,0,1
DRM,SEFCRI,2016,Broward-Miami,6047,25.7792,-80.0877,NEAR0,APRD,0,0,1
DRM,SEFCRI,2016,Broward-Miami,6048,26.2223,-80.0771,MIDR0,LIRM,0,0,1
DRM,SEFCRI,2016,Broward-Miami,6050,25.9887,-80.0973,MIDR0,LIRM,0,0,0
DRM,SEFCRI,2016,Broward-Miami,6051,26.2333,-80.0754,MIDR1,LIRM,0,1,1
DRM,SEFCRI,2016,Broward-Miami,6052,25.8226,-80.0906,MIDR1,LIRM,0,0,1
DRM,SEFCRI,2016,Broward-Miami,6053,26.0745,-80.0927,MIDR1,LIRM,0,0,1
DRM,SEFCRI,2016,Broward-Miami,6054,25.8175,-80.0902,OFFR0,CPDP,0,1,1
DRM,SEFCRI,2016,Broward-Miami,6055,25.9915,-80.0952,OFFR0,CPDP,0,1,1
DRM,SEFCRI,2016,Broward-Miami,6056,25.9716,-80.0905,OFFR1,LIRO,0,0,1
DRM,SEFCRI,2016,Broward-Miami,6057,26.1152,-80.0973,NEAR0,CPSH,0,0,1
DRM,SEFCRI,2016,Broward-Miami,6058,26.1080,-80.1034,NEAR0,CPSH,0,0,1
DRM,SEFCRI,2016,Broward-Miami,6059,26.0610,-80.1028,NEAR0,CPSH,0,1,1
DRM,SEFCRI,2016,Broward-Miami,6060,26.0439,-80.1019,NEAR0,CPSH,0,1,1
DRM,SEFCRI,2016,Broward-Miami,6310,25.7801,-80.0889,OFFR1,LIRO,0,0,1
DRM,SEFCRI,2016,Deerfield,5931,26.3019,-80.0682,MIDR0,LIRM,0,0,0
DRM,SEFCRI,2016,Deerfield,5932,26.3011,-80.0609,OFFR1,LIRO,0,1,1
DRM,SEFCRI,2016,Deerfield,6546,26.3011,-80.0609,OFFR1,LIRO,0,1,0
DRM,SEFCRI,2016,Martin,6001,27.1518,-80.1423,NEAR0,RGSH,0,1,0
DRM,SEFCRI,2016,Martin,6002,27.1157,-80.1288,NEAR0,CPSH,0,0,0
DRM,SEFCRI,2016,Martin,6003,27.1149,-80.1359,NEAR0,CPSH,0,0,1
DRM,SEFCRI,2016,Martin,6007,27.1239,-80.1368,NEAR1,CPSH,0,0,1
DRM,SEFCRI,2016,Martin,6262,27.1058,-80.1282,NEAR0,CPSH,0,0,1
DRM,SEFCRI,2016,Martin,6265,27.1419,-80.1357,NEAR1,RGSH,0,1,1
DRM,SEFCRI,2016,South Palm Beach,6013,26.7103,-80.0299,NEAR0,RGSH,0,0,0
DRM,SEFCRI,2016,South Palm Beach,6016,26.5707,-80.0270,NEAR1,APRD,0,0,0
DRM,SEFCRI,2016,South Palm Beach,6017,26.6988,-80.0176,OFFR0,LIRO,0,0,0
DRM,SEFCRI,2016,South Palm Beach,6018,26.5230,-80.0341,OFFR0,CPDP,0,0,1
DRM,SEFCRI,2016,South Palm Beach,6019,26.6746,-80.0186,OFFR1,SPGR,0,0,0
DRM,SEFCRI,2016,South Palm Beach,6020,26.4228,-80.0498,OFFR1,LIRO,0,0,1
DRM,SEFCRI,2016,South Palm Beach,6275,26.5594,-80.0283,NEAR0,APRD,0,0,0
DRM,SEFCRI,2017,Broward-Miami,6576,25.8262,-80.0975,INNR1,LIRI,0,0,1
DRM,SEFCRI,2017,Broward-Miami,6577,25.9698,-80.0995,INNR1,LIRI,0,0,0
DRM,SEFCRI,2017,Broward-Miami,6579,25.8299,-80.0990,INNR1,LIRI,0,0,1
DRM,SEFCRI,2017,Broward-Miami,6580,25.7721,-80.0990,INNR0,LIRI,0,0,0
DRM,SEFCRI,2017,Broward-Miami,6581,25.9707,-80.0954,MIDR0,LIRM,0,0,1
DRM,SEFCRI,2017,Broward-Miami,6582,25.9237,-80.0988,MIDR0,LIRM,0,0,1
DRM,SEFCRI,2017,Broward-Miami,6583,25.8267,-80.0922,MIDR0,LIRM,0,0,1
DRM,SEFCRI,2017,Broward-Miami,6584,26.1322,-80.0872,MIDR0,LIRM,0,0,0
DRM,SEFCRI,2017,Broward-Miami,6585,25.8136,-80.1027,NEAR0,RGSH,0,0,1
DRM,SEFCRI,2017,Broward-Miami,6586,25.9401,-80.1147,NEAR0,CPSH,0,0,1
DRM,SEFCRI,2017,Broward-Miami,6587,25.7738,-80.1020,NEAR0,RGSH,0,0,1
DRM,SEFCRI,2017,Broward-Miami,6588,25.8118,-80.1006,NEAR0,RGSH,0,0,1
DRM,SEFCRI,2017,Broward-Miami,6589,25.8100,-80.1058,NEAR0,RGSH,0,0,1
DRM,SEFCRI,2017,Broward-Miami,6590,25.7784,-80.0999,NEAR0,RGSH,0,0,1
DRM,SEFCRI,2017,Broward-Miami,6591,25.7866,-80.1049,NEAR0,RGSH,0,0,1
DRM,SEFCRI,2017,Broward-Miami,6592,25.8119,-80.1095,NEAR0,RGSH,0,0,1
DRM,SEFCRI,2017,Broward-Miami,6593,25.9300,-80.0888,OFFR1,SPGR,0,0,1
DRM,SEFCRI,2017,Broward-Miami,6594,25.7630,-80.0889,OFFR1,SPGR,0,0,1
DRM,SEFCRI,2017,Broward-Miami,6595,25.9643,-80.0905,OFFR1,LIRO,0,0,0
DRM,SEFCRI,2017,Broward-Miami,6596,25.7826,-80.0917,OFFR0,CPDP,0,0,1
DRM,SEFCRI,2017,Broward-Miami,6597,25.7892,-80.0889,OFFR0,LIRO,0,0,1
DRM,SEFCRI,2017,Broward-Miami,6627,25.9725,-80.0964,MIDR0,LIRM,0,0,0
DRM,SEFCRI,2017,Broward-Miami,6628,25.9129,-80.0959,MIDR0,LIRM,0,0,0
DRM,SEFCRI,2018,Broward-Miami,3026,25.7841,-80.0876,NEAR0,APRD,0,0,1
DRM,SEFCRI,2018,Broward-Miami,1029,26.2571,-80.0707,MIDR1,LIRM,0,0,1
DRM,SEFCRI,2018,Broward-Miami,1033,26.2308,-80.0747,MIDR1,LIRM,0,0,1
DRM,SEFCRI,2018,Broward-Miami,1039,26.1974,-80.0784,MIDR1,LIRM,0,1,1
DRM,SEFCRI,2018,Broward-Miami,1041,26.1934,-80.0870,NEAR1,RGSH,0,0,1
DRM,SEFCRI,2018,Broward-Miami,1046,26.1741,-80.0941,NEAR0,RGSH,0,1,1
DRM,SEFCRI,2018,Broward-Miami,1047,26.1731,-80.0826,NEAR0,APRD,0,0,1
DRM,SEFCRI,2018,Broward-Miami,1048,26.1682,-80.0932,NEAR0,RGSH,0,1,1
DRM,SEFCRI,2018,Broward-Miami,1050,26.1470,-80.0963,NEAR1,CPSH,0,1,1
DRM,SEFCRI,2018,Broward-Miami,1052,26.1353,-80.0994,NEAR0,CPSH,0,0,1
DRM,SEFCRI,2018,Broward-Miami,1053,26.1298,-80.0990,NEAR0,CPSH,0,0,1
DRM,SEFCRI,2018,Broward-Miami,1054,26.1297,-80.0840,MIDR1,LIRM,0,0,1
DRM,SEFCRI,2018,Broward-Miami,1057,26.1091,-80.0971,NEAR0,CPSH,0,0,1
DRM,SEFCRI,2018,Broward-Miami,1058,26.0884,-80.1073,NEAR0,CPSH,0,0,1
DRM,SEFCRI,2018,Broward-Miami,1066,26.0378,-80.1012,NEAR0,CPSH,0,0,1
DRM,SEFCRI,2018,Broward-Miami,1067,26.0281,-80.0962,MIDR0,LIRM,0,0,1
DRM,SEFCRI,2018,Broward-Miami,1068,26.0228,-80.0993,INNR1,LIRI,0,1,1
DRM,SEFCRI,2018,Broward-Miami,1069,26.0206,-80.1053,NEAR0,CPSH,0,0,1
DRM,SEFCRI,2018,Broward-Miami,1070,26.0141,-80.1022,INNR1,LIRI,0,0,1
DRM,SEFCRI,2018,Broward-Miami,1071,26.0129,-80.1024,INNR1,LIRI,0,0,1
DRM,SEFCRI,2018,Broward-Miami,1072,26.0124,-80.0954,MIDR1,LIRM,0,1,1
DRM,SEFCRI,2018,Broward-Miami,1073,26.0080,-80.1074,NEAR1,RGSH,0,0,1
DRM,SEFCRI,2018,Broward-Miami,1074,26.0066,-80.1024,INNR1,LIRI,0,1,1
DRM,SEFCRI,2018,Broward-Miami,1075,25.9945,-80.1090,NEAR0,CPSH,0,0,1
DRM,SEFCRI,2018,Broward-Miami,1076,25.9916,-80.0931,MIDR0,LIRM,0,0,1
DRM,SEFCRI,2018,Broward-Miami,1077,25.9777,-80.0909,NEAR0,APRD,0,0,1
DRM,SEFCRI,2018,Broward-Miami,1078,25.9769,-80.0910,NEAR0,APRD,0,0,1
DRM,SEFCRI,2018,Broward-Miami,1080,25.9475,-80.1052,NEAR0,CPSH,0,0,1
DRM,SEFCRI,2018,Broward-Miami,1081,25.9471,-80.1139,NEAR0,CPSH,0,0,0
DRM,SEFCRI,2018,Broward-Miami,1082,25.9420,-80.0942,MIDR0,LIRM,0,0,1
DRM,SEFCRI,2018,Broward-Miami,1083,25.9386,-80.0942,MIDR0,LIRM,0,0,1
DRM,SEFCRI,2018,Broward-Miami,1085,25.9028,-80.0980,MIDR0,LIRM,0,0,1
DRM,SEFCRI,2018,Broward-Miami,1086,25.8959,-80.0913,MIDR0,LIRM,0,0,1
DRM,SEFCRI,2018,Broward-Miami,1087,25.8879,-80.1063,NEAR0,RGSH,0,0,1
DRM,SEFCRI,2018,Broward-Miami,1088,25.8779,-80.0999,INNR1,LIRI,0,0,1
DRM,SEFCRI,2018,Broward-Miami,1089,25.8649,-80.1045,INNR0,LIRI,0,1,1
DRM,SEFCRI,2018,Broward-Miami,1090,25.8572,-80.1042,NEAR1,RGSH,0,1,1
DRM,SEFCRI,2018,Broward-Miami,1091,25.8292,-80.1018,NEAR1,RGSH,0,0,1
DRM,SEFCRI,2018,Broward-Miami,1092,25.8269,-80.0898,MIDR0,LIRM,0,0,1
DRM,SEFCRI,2018,Broward-Miami,1093,25.8121,-80.0994,NEAR0,RGSH,0,0,1
DRM,SEFCRI,2018,Broward-Miami,1094,25.7894,-80.0931,MIDR0,LIRM,0,1,1
DRM,SEFCRI,2018,Broward-Miami,1095,25.7868,-80.1160,NEAR0,RGSH,0,0,1
DRM,SEFCRI,2018,Broward-Miami,1096,25.7791,-80.0962,INNR1,LIRI,0,0,1
DRM,SEFCRI,2018,Broward-Miami,1097,25.7768,-80.1107,NEAR0,RGSH,0,1,1
DRM,SEFCRI,2018,Broward-Miami,2086,25.7787,-80.1121,NEAR0,CPSH,0,0,1
DRM,SEFCRI,2018,Broward-Miami,3022,25.8622,-80.0991,INNR1,LIRI,0,1,1
DRM,SEFCRI,2018,South Palm Beach,1020,26.5691,-80.0263,NEAR1,APRD,0,0,1
DRM,SEFCRI,2018,South Palm Beach,1021,26.5646,-80.0278,NEAR0,APRD,0,0,1
DRM,SEFCRI,2018,South Palm Beach,1022,26.5618,-80.0274,NEAR0,APRD,0,0,1
DRM,SEFCRI,2019,Broward-Miami,T1000,25.7756,-80.0950,INNR1,LIRI,0,1,1
DRM,SEFCRI,2019,Broward-Miami,T1001,25.8678,-80.0992,INNR1,LIRI,0,0,1
DRM,SEFCRI,2019,Broward-Miami,T1002,26.0312,-80.1000,INNR0,LIRI,0,1,1
DRM,SEFCRI,2019,Broward-Miami,T1003,25.9003,-80.1010,INNR0,LIRI,0,1,1
DRM,SEFCRI,2019,Broward-Miami,T1005,26.0601,-80.0998,INNR1,LIRI,0,0,1
DRM,SEFCRI,2019,Broward-Miami,T1006,25.9310,-80.0997,INNR1,LIRI,0,0,1
DRM,SEFCRI,2019,Broward-Miami,T1007,26.1440,-80.0901,INNR1,LIRI,0,1,1
DRM,SEFCRI,2019,Broward-Miami,T1008,25.7666,-80.0980,INNR0,LIRI,0,0,0
DRM,SEFCRI,2019,Broward-Miami,T1009,25.9292,-80.1008,INNR1,LIRI,0,1,1
DRM,SEFCRI,2019,Broward-Miami,T1010,25.9229,-80.1018,INNR0,LIRI,0,1,1
DRM,SEFCRI,2019,Broward-Miami,T1012,26.1855,-80.0858,INNR0,LIRI,0,1,1
DRM,SEFCRI,2019,Broward-Miami,T1013,26.1314,-80.0912,INNR1,LIRI,0,0,1
DRM,SEFCRI,2019,Broward-Miami,T1014,25.7848,-80.0953,INNR0,LIRI,0,1,1
DRM,SEFCRI,2019,Broward-Miami,T1015,26.1016,-80.0944,INNR1,LIRI,0,1,1
DRM,SEFCRI,2019,Broward-Miami,T1016,26.0565,-80.0998,INNR0,LIRI,0,0,1
DRM,SEFCRI,2019,Broward-Miami,T1017,25.8885,-80.1001,INNR0,LIRI,0,0,1
DRM,SEFCRI,2019,Broward-Miami,T1018,26.1467,-80.0901,INNR1,LIRI,0,1,1
DRM,SEFCRI,2019,Broward-Miami,T1020,25.8416,-80.1114,NEAR0,RGSH,0,0,0
DRM,SEFCRI,2019,Broward-Miami,T1021,25.7811,-80.0969,NEAR0,RGSH,0,0,1
DRM,SEFCRI,2019,Broward-Miami,T1022,25.9934,-80.1123,NEAR0,CPSH,0,0,1
DRM,SEFCRI,2019,Broward-Miami,T1023,25.7856,-80.0989,NEAR0,RGSH,0,0,1
DRM,SEFCRI,2019,Broward-Miami,T1024,25.8723,-80.1052,NEAR0,RGSH,0,1,1
DRM,SEFCRI,2019,Broward-Miami,T1025,26.0520,-80.1048,NEAR0,CPSH,0,0,1
DRM,SEFCRI,2019,Broward-Miami,T1026,26.0231,-80.1030,NEAR0,CPSH,0,1,1
DRM,SEFCRI,2019,Broward-Miami,T1027,26.1323,-80.0952,NEAR0,CPSH,0,0,1
DRM,SEFCRI,2019,Broward-Miami,T1028,26.1062,-80.1034,NEAR0,CPSH,0,0,0
DRM,SEFCRI,2019,Broward-Miami,T1029,26.1224,-80.1013,NEAR0,CPSH,0,0,1
DRM,SEFCRI,2019,Broward-Miami,T1030,26.1864,-80.0878,NEAR1,RGSH,0,0,0
DRM,SEFCRI,2019,Broward-Miami,T1031,25.7722,-80.1139,NEAR0,RGSH,0,0,0
DRM,SEFCRI,2019,Broward-Miami,T1032,25.9599,-80.1065,NEAR0,CPSH,0,1,1
DRM,SEFCRI,2019,Broward-Miami,T1033,25.9356,-80.1157,NEAR0,CPSH,0,0,1
DRM,SEFCRI,2019,Broward-Miami,T1034,26.1567,-80.0960,NEAR0,CPSH,0,0,0
DRM,SEFCRI,2019,Broward-Miami,T1035,26.1098,-80.0994,NEAR1,RGSH,0,0,1
DRM,SEFCRI,2019,Broward-Miami,T1036,26.1891,-80.0878,NEAR0,RGSH,0,1,0
DRM,SEFCRI,2019,Broward-Miami,T1037,25.7748,-80.1008,NEAR0,RGSH,0,1,0
DRM,SEFCRI,2019,Broward-Miami,T1038,25.9284,-80.1127,NEAR0,CPSH,0,0,0
DRM,SEFCRI,2019,Broward-Miami,T1041,25.9582,-80.1158,NEAR0,CPSH,0,0,1
DRM,SEFCRI,2019,Broward-Miami,T1042,26.1251,-80.0943,NEAR1,RGSH,0,1,1
DRM,SEFCRI,2019,Broward-Miami,T1043,26.1919,-80.0907,NEAR0,RGSH,0,0,1
DRM,SEFCRI,2019,Broward-Miami,T1044,25.9257,-80.1148,NEAR0,CPSH,0,0,1
DRM,SEFCRI,2019,Broward-Miami,T1045,25.8073,-80.1056,NEAR0,RGSH,0,1,1
DRM,SEFCRI,2019,Broward-Miami,T1046,25.7973,-80.0978,NEAR0,RGSH,0,0,1
DRM,SEFCRI,2019,Broward-Miami,T1047,26.0872,-80.1026,NEAR0,RGSH,0,1,1
DRM,SEFCRI,2019,Broward-Miami,T1048,25.8416,-80.1054,NEAR0,RGSH,0,0,1
DRM,SEFCRI,2019,Broward-Miami,T1068,26.2369,-80.0754,MIDR0,LIRM,0,1,1
DRM,SEFCRI,2019,Broward-Miami,T1069,25.9147,-80.0929,MIDR1,LIRM,0,1,0
DRM,SEFCRI,2019,Broward-Miami,T1070,25.9571,-80.0966,MIDR0,LIRM,0,0,1
DRM,SEFCRI,2019,Broward-Miami,T1071,26.2315,-80.0754,MIDR1,LIRM,0,0,1
DRM,SEFCRI,2019,Broward-Miami,T1073,26.0438,-80.0939,MIDR0,LIRM,0,0,1
DRM,SEFCRI,2019,Broward-Miami,T1074,26.2288,-80.0774,MIDR0,LIRM,0,1,1
DRM,SEFCRI,2019,Broward-Miami,T1075,25.7758,-80.0926,MIDR0,LIRM,0,0,1
DRM,SEFCRI,2019,Broward-Miami,T1076,25.7793,-80.0939,MIDR0,LIRM,0,1,1
DRM,SEFCRI,2019,Broward-Miami,T1077,25.9644,-80.0965,MIDR0,LIRM,0,0,1
DRM,SEFCRI,2019,Broward-Miami,T1080,26.0889,-80.0855,OFFR0,CPDP,0,0,0
DRM,SEFCRI,2019,Broward-Miami,T1081,26.2062,-80.0716,OFFR1,LIRO,0,1,1
DRM,SEFCRI,2019,Broward-Miami,T1082,26.2152,-80.0705,OFFR1,SPGR,0,0,1
DRM,SEFCRI,2019,Broward-Miami,T1083,26.2585,-80.0652,OFFR1,LIRO,0,0,0
DRM,SEFCRI,2019,Broward-Miami,T1093,25.7794,-80.0877,OFFR0,APRD,0,1,1
DRM,SEFCRI,2019,Broward-Miami,T2008,26.0637,-80.0997,INNR0,LIRI,0,0,1
DRM,SEFCRI,2019,Broward-Miami,T2011,25.8741,-80.1012,INNR1,LIRI,0,0,1
DRM,SEFCRI,2019,Broward-Miami,T2036,25.7929,-80.1217,NEAR0,RGSH,0,0,1
DRM,SEFCRI,2019,Broward-Miami,T2044,25.9094,-80.1099,NEAR0,RGSH,0,0,1
DRM,SEFCRI,2019,Broward-Miami,T3004,25.9217,-80.1004,INNR0,LIRI,0,1,1
DRM,SEFCRI,2019,Broward-Miami,T3047,26.2297,-80.0875,NEAR0,RGSH,0,0,0
DRM,SEFCRI,2019,Broward-Miami,T3051,26.1729,-80.0820,MIDR0,LIRM,0,1,1
DRM,SEFCRI,2019,Deerfield,T1085,26.2675,-80.0641,OFFR1,LIRO,0,0,1
DRM,SEFCRI,2019,Deerfield,T3048,26.2638,-80.0767,NEAR0,CPSH,0,1,1
DRM,SEFCRI,2019,North Palm Beach,T1060,26.7251,-80.0295,NEAR0,CPSH,0,0,0
DRM,SEFCRI,2019,North Palm Beach,T1061,26.7225,-80.0304,NEAR0,CPSH,0,0,1
DRM,SEFCRI,2019,North Palm Beach,T3053,26.7265,-80.0325,NEAR0,RGSH,0,0,1
DRM,SEFCRI,2019,North Palm Beach,T3055,26.7209,-80.0316,NEAR0,RGSH,0,0,1
DRM,SEFCRI,2019,North Palm Beach,T3062,26.7179,-80.0309,NEAR0,RGSH,0,0,1
DRM,SEFCRI,2019,South Palm Beach,T1067,26.6960,-80.0306,NEAR0,RGSH,0,1,1
DRM,SEFCRI,2019,South Palm Beach,T1088,26.5743,-80.0265,OFFR0,LIRO,0,0,0
DRM,SEFCRI,2019,South Palm Beach,T1089,26.5878,-80.0254,OFFR0,LIRO,0,0,1
DRM,SEFCRI,2019,South Palm Beach,T1097,26.5625,-80.0286,OFFR0,APRD,0,0,1
DRM,SEFCRI,2019,South Palm Beach,T1098,26.5679,-80.0276,OFFR0,APRD,0,0,1
DRM,SEFCRI,2019,South Palm Beach,T1099,26.5697,-80.0265,OFFR1,APRD,0,0,1
DRM,SEFCRI,2019,South Palm Beach,T3034,26.5698,-80.0265,OFFR1,APRD,0,1,0
DRM,SEFCRI,2019,South Palm Beach,T3049,26.6834,-80.0318,NEAR0,RGSH,0,0,1
DRM,SEFCRI,2019,South Palm Beach,T3052,26.7099,-80.0300,NEAR0,RGSH,0,1,1
DRM,SEFCRI,2020,Broward-Miami,3019,25.7932,-80.0954,INNR0,LIRI_LR,0,0,1
DRM,SEFCRI,2020,Broward-Miami,3043,26.0566,-80.1090,NEAR0,CPSH_LR,0,1,1
DRM,SEFCRI,2020,Broward-Miami,3058,26.1589,-80.0958,NEAR0,CPSH_LR,0,0,0
DRM,SEFCRI,2020,Broward-Miami,3059,26.2122,-80.0867,NEAR0,RGSH_LR,0,0,1
DRM,SEFCRI,2020,Broward-Miami,3060,26.2428,-80.0789,NEAR0,CPSH_LR,0,0,0
DRM,SEFCRI,2020,Broward-Miami,3061,26.2428,-80.0733,MIDR1,LIRM_HR,0,1,1
DRM,SEFCRI,2020,Broward-Miami,3073,25.9205,-80.1151,NEAR0,CPSH_LR,0,0,0
DRM,SEFCRI,2020,Broward-Miami,3074,25.8934,-80.1151,NEAR0,CPSH_LR,0,0,0
DRM,SEFCRI,2020,Broward-Miami,3077,25.9587,-80.1119,NEAR0,CPSH_LR,0,0,1
DRM,SEFCRI,2020,Broward-Miami,1065,26.2565,-80.0720,MIDR0,LIRM_LR,0,0,1
DRM,SEFCRI,2020,Broward-Miami,1066,26.2384,-80.0681,OFFR1,LIRO_HR,0,1,1
DRM,SEFCRI,2020,Broward-Miami,1069,26.2163,-80.0703,OFFR1,LIRO_HR,0,1,1
DRM,SEFCRI,2020,Broward-Miami,1071,26.2078,-80.0784,MIDR1,LIRM_LR,0,0,1
DRM,SEFCRI,2020,Broward-Miami,1074,26.1889,-80.0805,MIDR0,LIRM_LR,0,1,1
DRM,SEFCRI,2020,Broward-Miami,1075,26.1754,-80.0916,NEAR0,RGSH_LR,0,0,0
DRM,SEFCRI,2020,Broward-Miami,1076,26.1744,-80.0811,MIDR1,LIRM_LR,0,1,1
DRM,SEFCRI,2020,Broward-Miami,1077,26.1731,-80.0811,MIDR1,LIRM_LR,0,0,1
DRM,SEFCRI,2020,Broward-Miami,1078,26.1695,-80.0852,INNR0,LIRI_LR,0,0,1
DRM,SEFCRI,2020,Broward-Miami,1080,26.1618,-80.0832,MIDR0,LIRM_LR,0,0,1
DRM,SEFCRI,2020,Broward-Miami,1084,26.1473,-80.0833,MIDR0,LIRM_LR,0,0,1
DRM,SEFCRI,2020,Broward-Miami,1086,26.1262,-80.0900,INNR0,LIRI_LR,0,0,1
DRM,SEFCRI,2020,Broward-Miami,1087,26.1131,-80.0881,MIDR0,LIRM_LR,0,0,1
DRM,SEFCRI,2020,Broward-Miami,1089,26.0910,-80.0983,NEAR0,CPSH_LR,0,0,0
DRM,SEFCRI,2020,Broward-Miami,1090,26.0896,-80.0958,INNR1,LIRI_HR,0,0,0
DRM,SEFCRI,2020,Broward-Miami,1091,26.0847,-80.0953,INNR1,LIRI_LR,0,0,1
DRM,SEFCRI,2020,Broward-Miami,1092,26.0806,-80.0974,INNR0,LIRI_LR,0,0,0
DRM,SEFCRI,2020,Broward-Miami,1093,26.0717,-80.1089,NEAR0,CPSH_LR,0,0,0
DRM,SEFCRI,2020,Broward-Miami,1100,26.0337,-80.1007,INNR0,LIRI_HR,0,0,1
DRM,SEFCRI,2020,Broward-Miami,1101,26.0319,-80.1047,NEAR0,CPSH_LR,0,1,1
DRM,SEFCRI,2020,Broward-Miami,1102,26.0229,-80.1013,NEAR0,CPSH_LR,0,1,1
DRM,SEFCRI,2020,Broward-Miami,1103,26.0093,-80.0959,MIDR1,LIRM_LR,0,0,0
DRM,SEFCRI,2020,Broward-Miami,1104,26.0035,-80.1074,NEAR0,RGSH_LR,0,1,1
DRM,SEFCRI,2020,Broward-Miami,1105,25.9990,-80.1050,NEAR0,CPSH_LR,0,0,1
DRM,SEFCRI,2020,Broward-Miami,1106,25.9972,-80.1055,NEAR0,CPSH_LR,0,1,1
DRM,SEFCRI,2020,Broward-Miami,1113,25.9718,-80.0992,INNR0,LIRI_LR,0,0,1
DRM,SEFCRI,2020,Broward-Miami,1114,25.9674,-80.1087,NEAR1,RGSH_HR,0,0,1
DRM,SEFCRI,2020,Broward-Miami,1115,25.9659,-80.0957,MIDR0,LIRM_LR,0,1,1
DRM,SEFCRI,2020,Broward-Miami,1116,25.9646,-80.0957,MIDR0,LIRM_LR,0,0,1
DRM,SEFCRI,2020,Broward-Miami,1117,25.9642,-80.1002,INNR0,LIRI_LR,0,0,1
DRM,SEFCRI,2020,Broward-Miami,1118,25.9623,-80.0943,MIDR1,LIRM_HR,0,1,1
DRM,SEFCRI,2020,Broward-Miami,1119,25.9600,-80.0893,OFFR1,LIRO_HR,0,0,1
DRM,SEFCRI,2020,Broward-Miami,1121,25.9584,-80.1113,NEAR0,CPSH_LR,0,1,1
DRM,SEFCRI,2020,Broward-Miami,1122,25.9529,-80.1018,INNR0,LIRI_LR,0,1,1
DRM,SEFCRI,2020,Broward-Miami,1123,25.9524,-80.1013,INNR0,LIRI_LR,0,0,1
DRM,SEFCRI,2020,Broward-Miami,1124,25.9434,-80.1044,NEAR0,CPSH_LR,0,0,1
DRM,SEFCRI,2020,Broward-Miami,1125,25.9385,-80.1044,NEAR0,CPSH_LR,0,0,1
DRM,SEFCRI,2020,Broward-Miami,1126,25.9362,-80.1055,NEAR0,RGSH_LR,0,1,1
DRM,SEFCRI,2020,Broward-Miami,1127,25.9276,-80.1020,INNR0,LIRI_LR,0,1,1
DRM,SEFCRI,2020,Broward-Miami,1130,25.9096,-80.1071,NEAR0,RGSH_LR,0,0,0
DRM,SEFCRI,2020,Broward-Miami,1131,25.9082,-80.0987,MIDR0,LIRM_LR,0,0,1
DRM,SEFCRI,2020,Broward-Miami,1132,25.9077,-80.0977,MIDR0,LIRM_LR,0,0,1
DRM,SEFCRI,2020,Broward-Miami,1133,25.9037,-80.1017,NEAR0,CPSH_LR,0,0,1
DRM,SEFCRI,2020,Broward-Miami,1134,25.9028,-80.0977,MIDR0,LIRM_LR,0,1,1
DRM,SEFCRI,2020,Broward-Miami,1136,25.8924,-80.1013,INNR1,LIRI_HR,0,1,1
DRM,SEFCRI,2020,Broward-Miami,1137,25.8879,-80.1023,INNR1,LIRI_LR,0,1,1
DRM,SEFCRI,2020,Broward-Miami,1138,25.8879,-80.1018,INNR1,LIRI_LR,0,1,1
DRM,SEFCRI,2020,Broward-Miami,1139,25.8856,-80.1023,INNR0,LIRI_LR,0,0,1
DRM,SEFCRI,2020,Broward-Miami,1140,25.8847,-80.1008,INNR0,LIRI_LR,0,1,1
DRM,SEFCRI,2020,Broward-Miami,1142,25.8705,-80.0948,OFFR0,CPDP_LR,0,0,1
DRM,SEFCRI,2020,Broward-Miami,1143,25.8685,-80.1006,INNR1,LIRI_LR,0,0,1
DRM,SEFCRI,2020,Broward-Miami,1144,25.8635,-80.1089,NEAR0,RGSH_LR,0,0,0
DRM,SEFCRI,2020,Broward-Miami,1145,25.8545,-80.1021,NEAR0,RGSH_LR,0,0,1
DRM,SEFCRI,2020,Broward-Miami,1146,25.8494,-80.0998,INNR1,LIRI_LR,0,0,1
DRM,SEFCRI,2020,Broward-Miami,1147,25.8450,-80.1107,NEAR0,RGSH_LR,0,0,1
DRM,SEFCRI,2020,Broward-Miami,1148,25.8297,-80.1032,NEAR0,RGSH_LR,0,0,1
DRM,SEFCRI,2020,Broward-Miami,1149,25.8274,-80.1107,NEAR0,RGSH_LR,0,0,1
DRM,SEFCRI,2020,Broward-Miami,1151,25.8230,-80.1043,NEAR0,RGSH_LR,0,0,1
DRM,SEFCRI,2020,Broward-Miami,1152,25.8202,-80.1048,NEAR0,RGSH_LR,0,0,1
DRM,SEFCRI,2020,Broward-Miami,1153,25.8170,-80.1083,NEAR0,RGSH_LR,0,0,1
DRM,SEFCRI,2020,Broward-Miami,1154,25.8117,-80.1129,NEAR0,RGSH_LR,0,0,1
DRM,SEFCRI,2020,Broward-Miami,1155,25.8107,-80.1039,NEAR0,RGSH_LR,0,0,1
DRM,SEFCRI,2020,Broward-Miami,1156,25.7932,-80.1120,NEAR0,RGSH_LR,0,0,1
DRM,SEFCRI,2020,Broward-Miami,1157,25.7883,-80.0881,OFFR1,LIRO_HR,0,0,1
DRM,SEFCRI,2020,Broward-Miami,1158,25.7836,-80.1071,NEAR0,RGSH_LR,0,0,0
DRM,SEFCRI,2020,Broward-Miami,1160,25.7780,-80.0891,OFFR1,LIRO_HR,0,0,1
DRM,SEFCRI,2020,Broward-Miami,1161,25.7750,-80.1017,NEAR0,RGSH_LR,0,0,1
DRM,SEFCRI,2020,Broward-Miami,1162,25.7742,-80.1115,NEAR0,RGSH_LR,0,0,0
DRM,SEFCRI,2020,Broward-Miami,1163,25.7700,-80.0928,MIDR0,LIRM_LR,0,0,1
DRM,SEFCRI,2020,Broward-Miami,1164,25.7691,-80.0883,NEAR0,APRD_LR,0,0,1
DRM,SEFCRI,2020,Broward-Miami,2101,26.0500,-80.1061,NEAR1,RGSH_HR,0,0,1
DRM,SEFCRI,2020,Broward-Miami,2145,25.8343,-80.1027,INNR0,LIRI_LR,0,0,1
DRM,SEFCRI,2020,Broward-Miami,2158,25.7796,-80.1249,NEAR0,RGSH_LR,0,0,1
DRM,SEFCRI,2020,Broward-Miami,3044,26.0473,-80.1046,NEAR0,CPSH_LR,0,0,1
DRM,SEFCRI,2020,Martin,3011,27.1097,-80.1296,NEAR0,SCRS_LR,0,0,1
DRM,SEFCRI,2020,Martin,3012,27.1271,-80.1319,NEAR1,RGSH_LR,0,0,1
DRM,SEFCRI,2020,Martin,3013,27.1271,-80.1319,NEAR1,RGSH_LR,0,0,1
DRM,SEFCRI,2020,Martin,1007,27.1349,-80.1355,NEAR0,RGSH_LR,0,0,1
DRM,SEFCRI,2020,Martin,1012,27.1105,-80.1341,NEAR0,CPSH_HR,0,0,1
DRM,SEFCRI,2020,Martin,1013,27.1105,-80.1266,NEAR0,CPSH_LR,0,0,1
DRM,SEFCRI,2020,Martin,1014,27.1101,-80.1301,NEAR0,SCRS_LR,0,0,1
DRM,SEFCRI,2020,Martin,1016,27.1073,-80.1236,NEAR0,RGSH_LR,0,0,1
DRM,SEFCRI,2020,Martin,1018,27.1024,-80.1256,NEAR0,CPSH_LR,0,0,1
DRM,SEFCRI,2020,Martin,2005,27.1331,-80.1355,NEAR1,RGSH_HR,0,0,1
DRM,SEFCRI,2020,Martin,2009,27.1268,-80.1370,NEAR0,CPSH_LR,0,0,1
DRM,SEFCRI,2020,Martin,3015,27.1400,-80.1386,NEAR1,RGSH_HR,0,0,1
DRM,SEFCRI,2020,North Palm Beach,3036,26.9494,-80.0317,DPRC0,DPRC_LR,0,1,1
DRM,SEFCRI,2020,North Palm Beach,3037,26.9274,-80.0201,DPRC1,DPRC_HR,0,1,1
DRM,SEFCRI,2020,North Palm Beach,1025,26.9887,-80.0650,OFFR0,RGDP_HR,0,1,1
DRM,SEFCRI,2020,North Palm Beach,1026,26.9873,-80.0650,DPRC0,RGDP_LR,0,1,1
DRM,SEFCRI,2020,South Palm Beach,3009,26.7148,-80.0170,OFFR1,LIRO_LR,0,0,1
DRM,SEFCRI,2020,South Palm Beach,3010,26.6995,-80.0176,OFFR1,CPDP_HR,0,1,1
DRM,SEFCRI,2020,South Palm Beach,3023,26.6918,-80.0182,OFFR0,LIRO_HR,0,0,1
DRM,SEFCRI,2020,South Palm Beach,3024,26.6837,-80.0188,OFFR0,LIRO_LR,0,0,1
DRM,SEFCRI,2020,South Palm Beach,3025,26.6760,-80.0183,OFFR1,SPGR_HR,0,1,1
DRM,SEFCRI,2020,South Palm Beach,3026,26.6512,-80.0206,OFFR1,LIRO_HR,0,0,1
DRM,SEFCRI,2020,South Palm Beach,3033,26.6205,-80.0233,OFFR0,CPDP_LR,0,1,1
DRM,SEFCRI,2020,South Palm Beach,1521,26.6155,-80.0239,OFFR1,LIRO_HR,0,0,1
DRM,SEFCRI,2020,South Palm Beach,1525,26.6999,-80.0166,OFFR1,SPGR_HR,0,1,0
DRM,SEFCRI,2020,South Palm Beach,1532,26.6124,-80.0239,OFFR0,LIRO_HR,0,0,0
DRM,SEFCRI,2020,South Palm Beach,1533,26.6092,-80.0244,OFFR0,LIRO_LR,0,0,1
DRM,SEFCRI,2020,South Palm Beach,1536,26.6927,-80.0182,OFFR0,LIRO_LR,0,0,1
DRM,SEFCRI,2020,South Palm Beach,1539,26.6119,-80.0234,OFFR1,LIRO_LR,0,0,0
DRM,SEFCRI,2020,South Palm Beach,3034,26.6250,-80.0223,OFFR1,LIRO_HR,0,1,1
DRM,SEFCRI,2020,South Palm Beach,3035,26.6440,-80.0206,OFFR0,LIRO_LR,0,1,1
DRM,SEFCRI,2021,Broward-Miami,V1076,26.1929,-80.0805,MIDR0,LIRM_LR,0,0,1
DRM,SEFCRI,2021,Broward-Miami,V1078,26.1794,-80.0821,MIDR0,LIRM_LR,0,0,1
DRM,SEFCRI,2021,Broward-Miami,V1079,26.1754,-80.0856,INNR0,LIRI_LR,0,0,1
DRM,SEFCRI,2021,Broward-Miami,V1080,26.1741,-80.0956,NEAR0,CPSH_LR,0,0,1
DRM,SEFCRI,2021,Broward-Miami,V1081,26.1632,-80.0897,NEAR0,RGSH_LR,0,0,1
DRM,SEFCRI,2021,Broward-Miami,V1082,26.1614,-80.0897,NEAR1,RGSH_HR,0,0,1
DRM,SEFCRI,2021,Broward-Miami,V1083,26.1528,-80.0883,INNR1,LIRI_HR,0,0,1
DRM,SEFCRI,2021,Broward-Miami,V1084,26.1514,-80.0888,INNR1,LIRI_HR,0,0,1
DRM,SEFCRI,2021,Broward-Miami,V1085,26.1497,-80.0903,NEAR0,CPSH_LR,0,1,1
DRM,SEFCRI,2021,Broward-Miami,V1086,26.1185,-80.0936,INNR1,LIRI_HR,0,0,0
DRM,SEFCRI,2021,Broward-Miami,V1087,26.1185,-80.0881,MIDR0,LIRM_LR,0,0,0
DRM,SEFCRI,2021,Broward-Miami,V1088,26.1126,-80.0881,MIDR0,LIRM_LR,0,0,1
DRM,SEFCRI,2021,Broward-Miami,V1090,26.1054,-80.0877,MIDR0,LIRM_LR,0,0,0
DRM,SEFCRI,2021,Broward-Miami,V1091,26.1018,-80.0967,NEAR0,CPSH_LR,0,0,1
DRM,SEFCRI,2021,Broward-Miami,V1096,26.0820,-80.0953,INNR0,LIRI_LR,0,0,1
DRM,SEFCRI,2021,Broward-Miami,V1097,26.0802,-80.1019,NEAR0,CPSH_LR,0,0,1
DRM,SEFCRI,2021,Broward-Miami,V1098,26.0788,-80.0919,MIDR0,LIRM_LR,0,0,1
DRM,SEFCRI,2021,Broward-Miami,V1099,26.0761,-80.0999,NEAR0,CPSH_LR,0,0,1
DRM,SEFCRI,2021,Broward-Miami,V1100,26.0748,-80.0999,NEAR0,CPSH_LR,0,0,1
DRM,SEFCRI,2021,Broward-Miami,V1104,26.0707,-80.0999,NEAR0,CPSH_LR,0,0,1
DRM,SEFCRI,2021,Broward-Miami,V1105,26.0657,-80.0930,MIDR0,LIRM_LR,0,1,1
DRM,SEFCRI,2021,Broward-Miami,V1107,26.0626,-80.1085,NEAR0,CPSH_LR,0,0,1
DRM,SEFCRI,2021,Broward-Miami,V1108,26.0594,-80.0945,MIDR0,LIRM_LR,0,0,1
DRM,SEFCRI,2021,Broward-Miami,V1109,26.0585,-80.1020,NEAR0,CPSH_LR,0,0,0
DRM,SEFCRI,2021,Broward-Miami,V1110,26.0558,-80.1040,NEAR0,CPSH_LR,0,1,1
DRM,SEFCRI,2021,Broward-Miami,V1111,26.0495,-80.1041,NEAR0,CPSH_LR,0,1,1
DRM,SEFCRI,2021,Broward-Miami,V1124,25.9913,-80.1035,INNR0,LIRI_LR,0,0,1
DRM,SEFCRI,2021,Broward-Miami,V1125,25.9877,-80.1036,INNR1,LIRI_HR,0,0,1
DRM,SEFCRI,2021,Broward-Miami,V1126,25.9858,-80.0961,MIDR0,LIRM_LR,0,1,1
DRM,SEFCRI,2021,Broward-Miami,V1127,25.9755,-80.1091,NEAR0,RGSH_LR,0,1,1
DRM,SEFCRI,2021,Broward-Miami,V1128,25.9687,-80.1022,INNR0,LIRI_LR,0,0,1
DRM,SEFCRI,2021,Broward-Miami,V1129,25.9682,-80.1002,INNR0,LIRI_LR,0,1,1
DRM,SEFCRI,2021,Broward-Miami,V1130,25.9655,-80.1037,NEAR0,CPSH_LR,0,0,1
DRM,SEFCRI,2021,Broward-Miami,V1131,25.9655,-80.1032,INNR1,LIRI_HR,0,1,1
DRM,SEFCRI,2021,Broward-Miami,V1132,25.9601,-80.1033,INNR0,LIRI_LR,0,0,1
DRM,SEFCRI,2021,Broward-Miami,V1133,25.9506,-80.1008,INNR0,LIRI_LR,0,1,1
DRM,SEFCRI,2021,Broward-Miami,V1134,25.9480,-80.1109,NEAR0,CPSH_LR,0,1,1
DRM,SEFCRI,2021,Broward-Miami,V1135,25.9254,-80.1065,NEAR0,RGSH_LR,0,0,1
DRM,SEFCRI,2021,Broward-Miami,V1136,25.9248,-80.0926,MIDR1,LIRM_HR,0,0,1
DRM,SEFCRI,2021,Broward-Miami,V1137,25.9186,-80.1061,NEAR0,RGSH_LR,0,1,1
DRM,SEFCRI,2021,Broward-Miami,V1139,25.9140,-80.0986,MIDR0,LIRM_LR,0,0,1
DRM,SEFCRI,2021,Broward-Miami,V1140,25.9087,-80.1027,NEAR0,CPSH_LR,0,0,1
DRM,SEFCRI,2021,Broward-Miami,V1141,25.9005,-80.0927,MIDR0,LIRM_LR,0,0,1
DRM,SEFCRI,2021,Broward-Miami,V1142,25.8898,-80.1161,NEAR0,CPSH_LR,0,0,1
DRM,SEFCRI,2021,Broward-Miami,V1143,25.8897,-80.1018,INNR0,LIRI_LR,0,1,1
DRM,SEFCRI,2021,Broward-Miami,V1145,25.8862,-80.1158,NEAR0,CPSH_LR,0,0,1
DRM,SEFCRI,2021,Broward-Miami,V1146,25.8833,-80.1053,INNR0,LIRI_LR,0,0,1
DRM,SEFCRI,2021,Broward-Miami,V1147,25.8703,-80.1104,NEAR0,RGSH_LR,0,0,1
DRM,SEFCRI,2021,Broward-Miami,V1148,25.8699,-80.0933,MIDR0,LIRM_LR,0,0,1
DRM,SEFCRI,2021,Broward-Miami,V1149,25.8556,-80.0951,MIDR0,LIRM_LR,0,0,1
DRM,SEFCRI,2021,Broward-Miami,V1150,25.8445,-80.1041,INNR0,LIRI_LR,0,1,1
DRM,SEFCRI,2021,Broward-Miami,V1151,25.8396,-80.1047,INNR0,LIRI_LR,0,1,1
DRM,SEFCRI,2021,Broward-Miami,V1152,25.8360,-80.1092,NEAR0,RGSH_LR,0,1,1
DRM,SEFCRI,2021,Broward-Miami,V1153,25.8354,-80.0993,INNR1,LIRI_HR,0,1,1
DRM,SEFCRI,2021,Broward-Miami,V1154,25.8328,-80.1012,NEAR0,RGSH_LR,0,0,1
DRM,SEFCRI,2021,Broward-Miami,V1155,25.8310,-80.0997,INNR0,LIRI_LR,0,1,1
DRM,SEFCRI,2021,Broward-Miami,V1156,25.8305,-80.1088,NEAR0,RGSH_LR,0,1,1
DRM,SEFCRI,2021,Broward-Miami,V1157,25.8167,-80.1128,NEAR0,RGSH_LR,0,0,1
DRM,SEFCRI,2021,Broward-Miami,V1158,25.8077,-80.1119,NEAR0,RGSH_LR,0,0,1
DRM,SEFCRI,2021,Broward-Miami,V1159,25.8048,-80.1115,NEAR0,RGSH_LR,0,0,0
DRM,SEFCRI,2021,Broward-Miami,V1160,25.7916,-80.0891,OFFR0,LIRO_LR,0,0,1
DRM,SEFCRI,2021,Broward-Miami,V1161,25.7906,-80.0962,INNR0,LIRI_LR,0,0,1
DRM,SEFCRI,2021,Broward-Miami,V1162,25.7832,-80.1206,NEAR0,RGSH_LR,0,0,0
DRM,SEFCRI,2021,Broward-Miami,V1163,25.7808,-80.1095,NEAR0,CPSH_LR,0,0,0
DRM,SEFCRI,2021,Broward-Miami,V1164,25.7786,-80.0972,INNR0,LIRI_LR,0,0,1
DRM,SEFCRI,2021,Broward-Miami,V1165,25.7681,-80.0977,INNR0,LIRI_LR,0,0,1
DRM,SEFCRI,2021,Broward-Miami,V1166,25.7676,-80.0954,INNR1,LIRI_HR,0,0,1
DRM,SEFCRI,2021,Broward-Miami,V2135,25.8883,-80.1018,INNR0,LIRI_LR,0,0,1
DRM,SEFCRI,2021,Broward-Miami,V3055,25.9188,-80.1031,NEAR0,CPSH_LR,0,0,1
DRM,SEFCRI,2021,Broward-Miami,V3056,25.8902,-80.1144,NEAR0,CPSH_LR,0,0,1
DRM,SEFCRI,2021,Deerfield,V1065,26.3467,-80.0562,OFFR0,LIRO,0,0,1
DRM,SEFCRI,2021,Deerfield,V1066,26.3363,-80.0573,OFFR1,SPGR,0,0,1
DRM,SEFCRI,2021,Martin,V1003,27.1625,-80.1443,NEAR0,RGSH_LR,0,0,0
DRM,SEFCRI,2021,Martin,V1006,27.1467,-80.1414,NEAR0,RGSH_LR,0,0,0
DRM,SEFCRI,2021,Martin,V1010,27.1354,-80.1360,NEAR0,RGSH_LR,0,0,0
DRM,SEFCRI,2021,Martin,V1012,27.1327,-80.1335,NEAR1,RGSH_HR,0,0,1
DRM,SEFCRI,2021,Martin,V1013,27.1272,-80.1315,NEAR1,RGSH_HR,0,0,0
DRM,SEFCRI,2021,Martin,V1016,27.1101,-80.1296,NEAR1,SCRS_LR,0,0,1
DRM,SEFCRI,2021,North Palm Beach,V1028,26.7731,-80.0200,DPRC0,DPRC_LR,0,0,1
DRM,SEFCRI,2021,North Palm Beach,V1032,26.7198,-80.0190,NEAR1,PTCH_HR,0,0,1
DRM,SEFCRI,2021,North Palm Beach,V2025,26.9597,-80.0542,DPRC0,RGDP_LR,0,0,1
DRM,SEFCRI,2021,North Palm Beach,V2028,26.7198,-80.0195,NEAR1,PTCH_LR,0,0,1
DRM,SEFCRI,2021,South Palm Beach,V1034,26.7107,-80.0160,OFFR1,LIRO,0,0,1
DRM,SEFCRI,2021,South Palm Beach,V1035,26.7098,-80.0155,OFFR0,LIRO,0,0,1
DRM,SEFCRI,2021,South Palm Beach,V1038,26.6981,-80.0177,OFFR1,LIRO_HR,0,0,1
DRM,SEFCRI,2021,South Palm Beach,V1039,26.6936,-80.0177,OFFR1,LIRO,0,0,1
DRM,SEFCRI,2021,South Palm Beach,V1041,26.6805,-80.0183,OFFR1,LIRO,0,0,1
DRM,SEFCRI,2021,South Palm Beach,V1042,26.6755,-80.0189,OFFR0,LIRO,0,1,1
DRM,SEFCRI,2021,South Palm Beach,V1043,26.6742,-80.0194,OFFR0,LIRO,0,0,1
DRM,SEFCRI,2021,South Palm Beach,V1044,26.6530,-80.0201,OFFR1,LIRO,0,0,1
DRM,SEFCRI,2021,South Palm Beach,V1045,26.6453,-80.0206,OFFR1,LIRO,0,0,1
DRM,SEFCRI,2021,South Palm Beach,V1046,26.6426,-80.0206,OFFR1,LIRO,0,0,0
DRM,SEFCRI,2021,South Palm Beach,V1047,26.6209,-80.0218,OFFR1,LIRO,0,1,1
DRM,SEFCRI,2021,South Palm Beach,V1048,26.6124,-80.0229,OFFR1,LIRO,0,0,1
DRM,SEFCRI,2021,South Palm Beach,V1049,26.6101,-80.0234,OFFR1,LIRO,0,0,1
DRM,SEFCRI,2021,South Palm Beach,V1054,26.5244,-80.0327,OFFR1,LIRO,0,0,1
DRM,SEFCRI,2021,South Palm Beach,V1055,26.5240,-80.0327,OFFR1,LIRO,0,0,0
DRM,SEFCRI,2021,South Palm Beach,V1056,26.5185,-80.0317,OFFR1,LIRO,0,0,1
DRM,SEFCRI,2021,South Palm Beach,V1058,26.5010,-80.0354,OFFR1,SPGR,0,0,1
DRM,SEFCRI,2021,South Palm Beach,V1059,26.4744,-80.0431,OFFR0,LIRO,0,0,1
DRM,SEFCRI,2021,South Palm Beach,V1060,26.4663,-80.0437,OFFR1,LIRO,0,0,1
DRM,SEFCRI,2021,South Palm Beach,V1061,26.4469,-80.0469,OFFR1,LIRO_HR,0,0,1
DRM,SEFCRI,2021,South Palm Beach,V1062,26.4387,-80.0474,OFFR1,LIRO_HR,0,0,1
DRM,SEFCRI,2021,South Palm Beach,V2030,26.7103,-80.0160,OFFR1,LIRO,0,0,1
DRM,SEFCRI,2021,South Palm Beach,V2031,26.7094,-80.0156,OFFR0,LIRO,0,0,1
DRM,SEFCRI,2022,Broward-Miami,W1060,26.2587,-80.0649,OFFR1,LIRO,0,1,1
DRM,SEFCRI,2022,Broward-Miami,W1061,26.2498,-80.0715,MIDR1,LIRM,0,0,1
DRM,SEFCRI,2022,Broward-Miami,W1062,26.2385,-80.0820,NEAR0,RGSH,0,0,1
DRM,SEFCRI,2022,Broward-Miami,W1063,26.2356,-80.0820,NEAR0,RGSH,0,0,1
DRM,SEFCRI,2022,Broward-Miami,W1064,26.2344,-80.0791,INNR0,LIRI,0,1,1
DRM,SEFCRI,2022,Broward-Miami,W1065,26.2205,-80.0808,INNR1,LIRI,0,1,1
DRM,SEFCRI,2022,Broward-Miami,W1066,26.2164,-80.0773,MIDR0,LIRM,0,0,1
DRM,SEFCRI,2022,Broward-Miami,W1067,26.1971,-80.0887,NEAR0,RGSH,0,1,1
DRM,SEFCRI,2022,Broward-Miami,W1068,26.1940,-80.0915,NEAR0,RGSH,0,0,1
DRM,SEFCRI,2022,Broward-Miami,W1069,26.1866,-80.0810,MIDR0,LIRM,0,0,1
DRM,SEFCRI,2022,Broward-Miami,W1070,26.1810,-80.0846,INNR0,LIRI,0,0,1
DRM,SEFCRI,2022,Broward-Miami,W1071,26.1776,-80.0916,NEAR1,RGSH,0,1,1
DRM,SEFCRI,2022,Broward-Miami,W1072,26.1758,-80.0871,INNR1,LIRI,0,0,1
DRM,SEFCRI,2022,Broward-Miami,W1073,26.1707,-80.0876,INNR0,LIRI,0,0,1
DRM,SEFCRI,2022,Broward-Miami,W1074,26.1704,-80.0857,INNR0,LIRI,0,0,1
DRM,SEFCRI,2022,Broward-Miami,W1075,26.1654,-80.0812,MIDR1,LIRM,0,0,1
DRM,SEFCRI,2022,Broward-Miami,W1076,26.1523,-80.0884,INNR1,LIRI,0,0,1
DRM,SEFCRI,2022,Broward-Miami,W1077,26.1496,-80.0883,INNR0,LIRI,0,1,1
DRM,SEFCRI,2022,Broward-Miami,W1078,26.1460,-80.0919,NEAR0,RGSH,0,1,1
DRM,SEFCRI,2022,Broward-Miami,W1079,26.1354,-80.0893,INNR1,LIRI,0,0,1
DRM,SEFCRI,2022,Broward-Miami,W1080,26.1248,-80.0850,MIDR0,LIRM,0,1,1
DRM,SEFCRI,2022,Broward-Miami,W1081,26.1231,-80.1015,NEAR0,CPSH,0,1,1
DRM,SEFCRI,2022,Broward-Miami,W1082,26.1181,-80.0946,INNR0,LIRI,0,0,1
DRM,SEFCRI,2022,Broward-Miami,W1084,26.0950,-80.0912,MIDR1,LIRM,0,0,0
DRM,SEFCRI,2022,Broward-Miami,W1085,26.0846,-80.0913,MIDR0,LIRM,0,0,1
DRM,SEFCRI,2022,Broward-Miami,W1086,26.0833,-80.0973,INNR0,LIRI,0,0,1
DRM,SEFCRI,2022,Broward-Miami,W1087,26.0757,-80.1034,NEAR0,RGSH,0,1,1
DRM,SEFCRI,2022,Broward-Miami,W1088,26.0757,-80.0989,INNR0,LIRI,0,0,1
DRM,SEFCRI,2022,Broward-Miami,W1089,26.0724,-80.0859,OFFR1,LIRO,0,0,1
DRM,SEFCRI,2022,Broward-Miami,W1090,26.0686,-80.0935,MIDR1,LIRM,0,0,1
DRM,SEFCRI,2022,Broward-Miami,W1091,26.0653,-80.0973,INNR0,LIRI,0,0,1
DRM,SEFCRI,2022,Broward-Miami,W1092,26.0630,-80.0970,INNR0,LIRI,0,0,1
DRM,SEFCRI,2022,Broward-Miami,W1093,26.0625,-80.0925,MIDR1,LIRM,0,0,1
DRM,SEFCRI,2022,Broward-Miami,W1094,26.0593,-80.0870,OFFR1,CPDP,0,0,1
DRM,SEFCRI,2022,Broward-Miami,W1096,26.0540,-80.1026,NEAR0,CPSH,0,0,1
DRM,SEFCRI,2022,Broward-Miami,W1097,26.0486,-80.1001,INNR0,LIRI,0,1,1
DRM,SEFCRI,2022,Broward-Miami,W1098,26.0400,-80.0952,MIDR0,LIRM,0,0,0
DRM,SEFCRI,2022,Broward-Miami,W1099,26.0369,-80.1107,NEAR0,CPSH,0,0,0
DRM,SEFCRI,2022,Broward-Miami,W1100,26.0341,-80.0947,MIDR0,LIRM,0,0,1
DRM,SEFCRI,2022,Broward-Miami,W1101,26.0332,-80.0882,OFFR0,CPDP,0,1,1
DRM,SEFCRI,2022,Broward-Miami,W1102,26.0277,-80.0888,OFFR0,CPDP,0,0,1
DRM,SEFCRI,2022,Broward-Miami,W1103,26.0274,-80.0998,INNR1,LIRI,0,1,1
DRM,SEFCRI,2022,Broward-Miami,W1104,26.0252,-80.1118,NEAR1,CPSH,0,0,1
DRM,SEFCRI,2022,Broward-Miami,W1105,26.0246,-80.0943,MIDR1,LIRM,0,0,1
DRM,SEFCRI,2022,Broward-Miami,W1106,26.0241,-80.0873,OFFR0,LIRO,0,0,1
DRM,SEFCRI,2022,Broward-Miami,W1107,26.0225,-80.1128,NEAR0,CPSH,0,0,0
DRM,SEFCRI,2022,Broward-Miami,W1108,26.0216,-80.0880,OFFR1,LIRO,0,0,1
DRM,SEFCRI,2022,Broward-Miami,W1109,26.0161,-80.0954,MIDR0,LIRM,0,0,1
DRM,SEFCRI,2022,Broward-Miami,W1110,26.0080,-80.1114,NEAR0,CPSH,0,0,0
DRM,SEFCRI,2022,Broward-Miami,W1111,26.0070,-80.0969,MIDR1,LIRM,0,1,1
DRM,SEFCRI,2022,Broward-Miami,W1112,26.0012,-80.1085,NEAR0,RGSH,0,0,1
DRM,SEFCRI,2022,Broward-Miami,W1114,25.9908,-80.0955,MIDR1,LIRM,0,0,1
DRM,SEFCRI,2022,Broward-Miami,W1115,25.9899,-80.1025,INNR1,LIRI,0,0,1
DRM,SEFCRI,2022,Broward-Miami,W1116,25.9850,-80.1121,NEAR0,CPSH,0,0,1
DRM,SEFCRI,2022,Broward-Miami,W1117,25.9737,-80.1067,NEAR0,CPSH,0,1,1
DRM,SEFCRI,2022,Broward-Miami,W1118,25.9727,-80.0952,MIDR0,LIRM,0,0,1
DRM,SEFCRI,2022,Broward-Miami,W1119,25.9705,-80.1022,INNR0,LIRI,0,0,1
DRM,SEFCRI,2022,Broward-Miami,W1120,25.9655,-80.0992,INNR0,LIRI,0,0,0
DRM,SEFCRI,2022,Broward-Miami,W1121,25.9638,-80.1097,NEAR0,RGSH,0,0,1
DRM,SEFCRI,2022,Broward-Miami,W1122,25.9610,-80.0958,MIDR0,LIRM,0,0,0
DRM,SEFCRI,2022,Broward-Miami,W1123,25.9584,-80.1108,NEAR0,CPSH,0,0,1
DRM,SEFCRI,2022,Broward-Miami,W1124,25.9569,-80.0948,MIDR0,LIRM,0,0,1
DRM,SEFCRI,2022,Broward-Miami,W1125,25.9561,-80.1063,NEAR0,CPSH,0,0,1
DRM,SEFCRI,2022,Broward-Miami,W1126,25.9430,-80.1099,NEAR0,RGSH,0,1,1
DRM,SEFCRI,2022,Broward-Miami,W1127,25.9407,-80.0944,MIDR0,LIRM,0,0,1
DRM,SEFCRI,2022,Broward-Miami,W1128,25.9379,-80.0890,OFFR1,SPGR,0,0,1
DRM,SEFCRI,2022,Broward-Miami,W1129,25.9371,-80.1114,NEAR0,CPSH,0,0,1
DRM,SEFCRI,2022,Broward-Miami,W1130,25.9277,-80.1105,NEAR0,CPSH,0,0,1
DRM,SEFCRI,2022,Broward-Miami,W1132,25.9208,-80.0986,MIDR0,LIRM,0,0,1
DRM,SEFCRI,2022,Broward-Miami,W1133,25.9135,-80.0876,OFFR1,SPGR,0,0,1
DRM,SEFCRI,2022,Broward-Miami,W1135,25.9060,-80.1082,NEAR0,RGSH,0,0,1
DRM,SEFCRI,2022,Broward-Miami,W1136,25.9055,-80.1037,NEAR0,CPSH,0,0,0
DRM,SEFCRI,2022,Broward-Miami,W1138,25.9046,-80.1097,NEAR0,RGSH,0,0,1
DRM,SEFCRI,2022,Broward-Miami,W1139,25.8961,-80.1102,NEAR0,RGSH,0,1,1
DRM,SEFCRI,2022,Broward-Miami,W1140,25.8932,-80.0888,OFFR1,LIRO,0,0,1
DRM,SEFCRI,2022,Broward-Miami,W1141,25.8924,-80.1098,NEAR0,RGSH,0,0,1
DRM,SEFCRI,2022,Broward-Miami,W1142,25.8888,-80.1018,INNR1,LIRI,0,0,1
DRM,SEFCRI,2022,Broward-Miami,W1143,25.8848,-80.0951,MIDR0,LIRM,0,0,1
DRM,SEFCRI,2022,Broward-Miami,W1144,25.8803,-80.1044,NEAR0,RGSH,0,0,1
DRM,SEFCRI,2022,Broward-Miami,W1145,25.8793,-80.1059,NEAR0,RGSH,0,0,1
DRM,SEFCRI,2022,Broward-Miami,W1146,25.8785,-80.1029,NEAR0,CPSH,0,0,1
DRM,SEFCRI,2022,Broward-Miami,W1147,25.8780,-80.0890,OFFR1,LIRO,0,0,1
DRM,SEFCRI,2022,Broward-Miami,W1148,25.8726,-80.1039,NEAR0,RGSH,0,0,1
DRM,SEFCRI,2022,Broward-Miami,W1149,25.8644,-80.0990,INNR1,LIRI,0,0,1
DRM,SEFCRI,2022,Broward-Miami,W1150,25.8549,-80.1056,INNR1,LIRI,0,1,1
DRM,SEFCRI,2022,Broward-Miami,W1151,25.8536,-80.1076,NEAR0,RGSH,0,0,1
DRM,SEFCRI,2022,Broward-Miami,W1152,25.8504,-80.0880,OFFR1,LIRO,0,0,1
DRM,SEFCRI,2022,Broward-Miami,W1153,25.8436,-80.1125,NEAR0,RGSH,0,0,1
DRM,SEFCRI,2022,Broward-Miami,W1154,25.8399,-80.0948,MIDR0,LIRM,0,0,1
DRM,SEFCRI,2022,Broward-Miami,W1155,25.8387,-80.0888,OFFR1,LIRO,0,0,1
DRM,SEFCRI,2022,Broward-Miami,W1156,25.8318,-80.1008,NEAR0,RGSH,0,1,1
DRM,SEFCRI,2022,Broward-Miami,W1157,25.8215,-80.1083,NEAR0,RGSH,0,0,1
DRM,SEFCRI,2022,Broward-Miami,W1158,25.8208,-80.1131,NEAR0,RGSH,0,0,1
DRM,SEFCRI,2022,Broward-Miami,W1160,25.8112,-80.1072,NEAR0,RGSH,0,0,0
DRM,SEFCRI,2022,Broward-Miami,W1161,25.8062,-80.1134,NEAR0,RGSH,0,0,1
DRM,SEFCRI,2022,Broward-Miami,W1162,25.8053,-80.1019,NEAR0,RGSH,0,0,1
DRM,SEFCRI,2022,Broward-Miami,W1163,25.8018,-80.0885,OFFR1,LIRO,0,0,1
DRM,SEFCRI,2022,Broward-Miami,W1164,25.7987,-80.0930,MIDR0,LIRM,0,1,1
DRM,SEFCRI,2022,Broward-Miami,W1165,25.7876,-80.0897,OFFR1,LIRO,0,0,1
DRM,SEFCRI,2022,Broward-Miami,W1166,25.7873,-80.1085,NEAR0,RGSH,0,0,1
DRM,SEFCRI,2022,Broward-Miami,W1167,25.7854,-80.0957,INNR0,LIRI,0,0,1
DRM,SEFCRI,2022,Broward-Miami,W1169,25.7816,-80.0881,PTSH2,APRD,0,0,1
DRM,SEFCRI,2022,Broward-Miami,W1170,25.7799,-80.0902,OFFR1,LIRO,0,0,1
DRM,SEFCRI,2022,Broward-Miami,W1171,25.7754,-80.0958,INNR1,LIRI,0,0,1
DRM,SEFCRI,2022,Broward-Miami,W2107,25.9187,-80.1151,NEAR0,CPSH,0,0,1
DRM,SEFCRI,2022,Broward-Miami,W2108,25.9172,-80.0931,MIDR0,LIRM,0,0,1
DRM,SEFCRI,2022,Broward-Miami,W2134,25.8020,-80.0880,OFFR0,LIRO,0,0,1
DRM,SEFCRI,2022,Broward-Miami,W3000,25.7755,-80.0924,MIDR0,LIRM,0,0,1
DRM,SEFCRI,2022,Broward-Miami,W3025,26.1090,-80.0865,MIDR0,LIRM,0,0,1
DRM,SEFCRI,2022,Broward-Miami,W3028,25.9051,-80.1067,NEAR0,RGSH,0,0,1
DRM,SEFCRI,2022,Broward-Miami,W3029,25.9144,-80.1157,NEAR0,CPSH,0,0,1
DRM,SEFCRI,2022,Deerfield,W1057,26.3345,-80.0578,OFFR0,LIRO,0,1,1
DRM,SEFCRI,2022,Deerfield,W1058,26.2944,-80.0677,MIDR1,LIRM,0,1,1
DRM,SEFCRI,2022,Deerfield,W1059,26.2862,-80.0748,NEAR0,CPSH,0,0,0
DRM,SEFCRI,2022,Martin,W1000,27.1485,-80.1399,NEAR0,RGSH,0,0,1
DRM,SEFCRI,2022,Martin,W1002,27.1453,-80.1414,NEAR0,RGSH,0,1,1
DRM,SEFCRI,2022,Martin,W1004,27.1304,-80.1404,NEAR0,CPSH,0,0,1
DRM,SEFCRI,2022,Martin,W1005,27.1272,-80.1310,NEAR0,RGSH,0,0,1
DRM,SEFCRI,2022,Martin,W1006,27.1268,-80.1370,NEAR0,CPSH,0,0,1
DRM,SEFCRI,2022,Martin,W1007,27.1187,-80.1351,NEAR1,CPSH,0,0,1
DRM,SEFCRI,2022,Martin,W1015,26.9940,-80.0633,DPRC0,RGDP,0,0,1
DRM,SEFCRI,2022,Martin,W2002,27.1557,-80.1434,NEAR0,RGSH,0,0,0
DRM,SEFCRI,2022,Martin,W2003,27.1471,-80.1399,NEAR1,RGSH,0,1,1
DRM,SEFCRI,2022,Martin,W2004,27.1467,-80.1414,NEAR0,RGSH,0,1,1
DRM,SEFCRI,2022,Martin,W2005,27.1368,-80.1405,PTSH2,SCRS,0,1,1
DRM,SEFCRI,2022,Martin,W2007,27.1293,-80.1388,NEAR0,CPSH,0,1,1
DRM,SEFCRI,2022,Martin,W2008,27.1282,-80.1406,NEAR0,CPSH,0,0,1
DRM,SEFCRI,2022,Martin,W2009,27.1281,-80.1325,NEAR1,RGSH,0,0,1
DRM,SEFCRI,2022,Martin,W2010,27.1236,-80.1300,NEAR0,RGSH,0,0,1
DRM,SEFCRI,2022,North Palm Beach,W1016,26.9920,-80.0672,DPRC0,RGDP,0,0,1
DRM,SEFCRI,2022,North Palm Beach,W1017,26.7781,-80.0205,DPRC0,DPRC,0,1,1
DRM,SEFCRI,2022,North Palm Beach,W1018,26.7762,-80.0205,DPRC1,DPRC,0,1,1
DRM,SEFCRI,2022,North Palm Beach,W1019,26.7753,-80.0190,DPRC0,DPRC,0,0,1
DRM,SEFCRI,2022,North Palm Beach,W1020,26.7743,-80.0197,DPRC0,DPRC,0,0,1
DRM,SEFCRI,2022,North Palm Beach,W1026,26.7198,-80.0190,PTSH2,PTCH,0,0,1
DRM,SEFCRI,2022,North Palm Beach,W1027,26.7193,-80.0195,PTSH2,PTCH,0,0,1
DRM,SEFCRI,2022,North Palm Beach,W2016,26.7193,-80.0195,PTSH2,PTCH,0,0,1
DRM,SEFCRI,2022,North Palm Beach,W2017,26.7176,-80.0296,NEAR1,CPSH,0,0,1
DRM,SEFCRI,2022,South Palm Beach,W1029,26.7167,-80.0308,NEAR0,RGSH,0,1,1
DRM,SEFCRI,2022,South Palm Beach,W1030,26.7166,-80.0186,OFFR0,LIRO,0,0,1
DRM,SEFCRI,2022,South Palm Beach,W1031,26.7154,-80.0187,OFFR0,CPDP,0,0,1
DRM,SEFCRI,2022,South Palm Beach,W1033,26.6945,-80.0177,OFFR1,LIRO,0,0,1
DRM,SEFCRI,2022,South Palm Beach,W1035,26.6876,-80.0179,OFFR1,LIRO,0,0,1
DRM,SEFCRI,2022,South Palm Beach,W1038,26.6828,-80.0183,OFFR1,LIRO,0,0,1
DRM,SEFCRI,2022,South Palm Beach,W1040,26.6138,-80.0230,OFFR1,LIRO,0,0,1
DRM,SEFCRI,2022,South Palm Beach,W1043,26.5718,-80.0263,PTSH2,APRD,0,0,1
DRM,SEFCRI,2022,South Palm Beach,W1044,26.5704,-80.0268,PTSH2,APRD,0,0,0
DRM,SEFCRI,2022,South Palm Beach,W2023,26.5885,-80.0246,OFFR1,SPGR,0,0,1
DRM,SEFCRI,2022,South Palm Beach,W3001,26.5187,-80.0320,OFFR1,LIRO,0,0,1
DRM,SEFCRI,2022,South Palm Beach,W3002,26.5133,-80.0328,OFFR1,LIRO,0,1,1
DRM,SEFCRI,2022,South Palm Beach,W3003,26.5089,-80.0333,OFFR0,LIRO,0,0,1
DRM,SEFCRI,2022,South Palm Beach,W3004,26.5049,-80.0340,OFFR0,LIRO,0,0,1
DRM,SEFCRI,2022,South Palm Beach,W3005,26.5015,-80.0358,OFFR1,LIRO,0,0,1
DRM,SEFCRI,2022,South Palm Beach,W3006,26.4976,-80.0369,OFFR0,LIRO,0,0,1
DRM,SEFCRI,2022,South Palm Beach,W3007,26.6092,-80.0244,OFFR0,LIRO,0,0,1
DRM,SEFCRI,2022,South Palm Beach,W3008,26.6211,-80.0223,OFFR1,LIRO,0,0,1
DRM,SEFCRI,2022,South Palm Beach,W3009,26.7090,-80.0300,NEAR0,RGSH,0,0,1
DRM,SEFCRI,2022,South Palm Beach,W3023,26.7128,-80.0153,OFFR1,SPGR,0,0,1
NCRMP,SEFCRI,2014,Broward-Miami,3125,26.2506,-80.0726,MIDR0,LIRM,0,0,1
NCRMP,SEFCRI,2014,Broward-Miami,3126,26.2466,-80.0723,MIDR0,LIRM,0,0,1
NCRMP,SEFCRI,2014,Broward-Miami,3127,26.2218,-80.0760,MIDR0,LIRM,0,0,1
NCRMP,SEFCRI,2014,Broward-Miami,3128,26.1794,-80.0821,MIDR0,LIRM,0,0,1
NCRMP,SEFCRI,2014,Broward-Miami,3129,26.1722,-80.0807,MIDR0,LIRM,0,0,1
NCRMP,SEFCRI,2014,Broward-Miami,3130,26.1582,-80.0823,MIDR0,LIRM,0,0,0
NCRMP,SEFCRI,2014,Broward-Miami,3131,26.1347,-80.0856,MIDR0,LIRM,0,0,1
NCRMP,SEFCRI,2014,Broward-Miami,3132,26.1096,-80.0898,MIDR0,LIRM,0,0,0
NCRMP,SEFCRI,2014,Broward-Miami,3133,26.1041,-80.0898,MIDR0,LIRM,0,0,0
NCRMP,SEFCRI,2014,Broward-Miami,3134,26.1032,-80.0902,MIDR0,LIRM,0,0,1
NCRMP,SEFCRI,2014,Broward-Miami,3135,26.0955,-80.0920,MIDR0,LIRM,0,0,1
NCRMP,SEFCRI,2014,Broward-Miami,3136,26.0864,-80.0903,MIDR0,LIRM,0,0,1
NCRMP,SEFCRI,2014,Broward-Miami,3137,26.0607,-80.0914,MIDR1,LIRM,0,0,1
NCRMP,SEFCRI,2014,Broward-Miami,3138,26.0603,-80.0935,MIDR0,LIRM,0,1,1
NCRMP,SEFCRI,2014,Broward-Miami,3139,26.0540,-80.0946,MIDR0,LIRM,0,0,1
NCRMP,SEFCRI,2014,Broward-Miami,3140,26.0498,-80.0939,MIDR0,LIRM,0,1,1
NCRMP,SEFCRI,2014,Broward-Miami,3141,25.9828,-80.0957,MIDR0,LIRM,0,0,1
NCRMP,SEFCRI,2014,Broward-Miami,3143,25.9167,-80.0919,MIDR0,LIRM,0,0,1
NCRMP,SEFCRI,2014,Broward-Miami,3144,25.9150,-80.0986,MIDR0,LIRM,0,0,1
NCRMP,SEFCRI,2014,Broward-Miami,3145,25.9019,-80.0997,MIDR0,LIRM,0,0,1
NCRMP,SEFCRI,2014,Broward-Miami,3146,25.8991,-80.0922,MIDR0,LIRM,0,0,1
NCRMP,SEFCRI,2014,Broward-Miami,3147,25.8978,-80.0997,MIDR0,LIRM,0,0,1
NCRMP,SEFCRI,2014,Broward-Miami,3148,25.8350,-80.0923,MIDR0,LIRM,0,0,1
NCRMP,SEFCRI,2014,Broward-Miami,3149,25.7894,-80.0931,MIDR0,LIRM,0,0,1
NCRMP,SEFCRI,2014,Broward-Miami,3155,26.2592,-80.0704,MIDR1,LIRM,0,0,1
NCRMP,SEFCRI,2014,Broward-Miami,3157,26.2128,-80.0773,MIDR1,LIRM,0,0,1
NCRMP,SEFCRI,2014,Broward-Miami,3159,26.1541,-80.0818,MIDR1,LIRM,0,0,1
NCRMP,SEFCRI,2014,Broward-Miami,3160,26.1514,-80.0823,MIDR1,LIRM,0,0,1
NCRMP,SEFCRI,2014,Broward-Miami,3161,26.1388,-80.0829,MIDR1,LIRM,0,0,1
NCRMP,SEFCRI,2014,Broward-Miami,3164,26.1230,-80.0845,MIDR1,LIRM,0,0,0
NCRMP,SEFCRI,2014,Broward-Miami,3165,26.0616,-80.0915,MIDR1,LIRM,0,0,1
NCRMP,SEFCRI,2014,Broward-Miami,3166,26.0522,-80.0922,MIDR1,LIRM,0,0,0
NCRMP,SEFCRI,2014,Broward-Miami,3167,25.9452,-80.0939,MIDR1,LIRM,0,0,1
NCRMP,SEFCRI,2014,Broward-Miami,3156,26.2534,-80.0720,MIDR1,LIRM,0,0,1
NCRMP,SEFCRI,2014,Broward-Miami,3158,26.1695,-80.0807,MIDR1,LIRM,0,0,1
NCRMP,SEFCRI,2014,Broward-Miami,3163,26.1260,-80.0841,MIDR1,LIRM,0,0,1
NCRMP,SEFCRI,2014,Broward-Miami,3568,26.2110,-80.0783,MIDR0,LIRM,0,1,1
NCRMP,SEFCRI,2014,Broward-Miami,3569,26.1951,-80.0807,MIDR0,LIRM,0,0,1
NCRMP,SEFCRI,2014,Broward-Miami,3570,26.1807,-80.0821,MIDR0,LIRM,0,0,1
NCRMP,SEFCRI,2014,Broward-Miami,3571,26.1198,-80.0856,MIDR1,LIRM,0,0,1
NCRMP,SEFCRI,2014,Broward-Miami,3572,26.1171,-80.0877,MIDR0,LIRM,0,0,1
NCRMP,SEFCRI,2014,Broward-Miami,3573,26.0648,-80.0945,MIDR0,LIRM,0,0,1
NCRMP,SEFCRI,2014,Broward-Miami,3576,25.9163,-80.0990,MIDR0,LIRM,0,0,1
NCRMP,SEFCRI,2014,Broward-Miami,3577,25.9118,-80.0925,MIDR0,LIRM,0,1,1
NCRMP,SEFCRI,2014,Broward-Miami,3582,26.1870,-80.0800,MIDR1,LIRM,0,0,1
NCRMP,SEFCRI,2014,Broward-Miami,3583,26.1631,-80.0812,MIDR1,LIRM,0,0,1
NCRMP,SEFCRI,2014,Broward-Miami,3584,26.1252,-80.0842,MIDR1,LIRM,0,0,1
NCRMP,SEFCRI,2014,Broward-Miami,3585,26.0700,-80.0930,MIDR1,LIRM,0,1,1
NCRMP,SEFCRI,2014,Broward-Miami,3588,25.9903,-80.0972,MIDR1,LIRM,0,0,1
NCRMP,SEFCRI,2016,Broward-Miami,3001,26.2033,-80.0867,NEAR0,RGSH,0,0,1
NCRMP,SEFCRI,2016,Broward-Miami,3002,26.1882,-80.0886,NEAR0,RGSH,0,1,0
NCRMP,SEFCRI,2016,Broward-Miami,3004,26.1622,-80.0967,NEAR0,CPSH,0,0,1
NCRMP,SEFCRI,2016,Broward-Miami,3009,26.0847,-80.0998,NEAR0,CPSH,0,0,0
NCRMP,SEFCRI,2016,Broward-Miami,3016,26.0015,-80.1119,NEAR0,CPSH,0,0,0
NCRMP,SEFCRI,2016,Broward-Miami,3021,25.9260,-80.1054,NEAR0,RGSH,0,0,1
NCRMP,SEFCRI,2016,Broward-Miami,3030,25.8721,-80.1119,NEAR0,RGSH,0,0,1
NCRMP,SEFCRI,2016,Broward-Miami,3036,25.8092,-80.0997,NEAR0,RGSH,0,0,0
NCRMP,SEFCRI,2016,Broward-Miami,3037,25.8066,-80.1075,NEAR0,RGSH,0,0,1
NCRMP,SEFCRI,2016,Broward-Miami,3040,25.8037,-80.0914,NEAR0,RGSH,0,1,1
NCRMP,SEFCRI,2016,Broward-Miami,3045,26.2154,-80.0839,NEAR1,RGSH,0,1,1
NCRMP,SEFCRI,2016,Broward-Miami,3057,26.0896,-80.0937,INNR0,LIRI,0,0,1
NCRMP,SEFCRI,2016,Broward-Miami,3058,26.0553,-80.0981,INNR0,LIRI,0,0,0
NCRMP,SEFCRI,2016,Broward-Miami,3059,26.0354,-80.1011,INNR0,LIRI,0,1,1
NCRMP,SEFCRI,2016,Broward-Miami,3061,25.9607,-80.1022,INNR0,LIRI,0,0,1
NCRMP,SEFCRI,2016,Broward-Miami,3064,25.8688,-80.1046,INNR0,LIRI,0,1,1
NCRMP,SEFCRI,2016,Broward-Miami,3066,25.8547,-80.0997,INNR1,LIRI,0,1,1
NCRMP,SEFCRI,2016,Broward-Miami,3067,25.8312,-80.0933,INNR0,LIRI,0,1,1
NCRMP,SEFCRI,2016,Broward-Miami,3069,26.2177,-80.0817,INNR1,LIRI,0,0,1
NCRMP,SEFCRI,2016,Broward-Miami,3071,26.0448,-80.0984,INNR0,LIRI,0,1,0
NCRMP,SEFCRI,2016,Broward-Miami,3072,25.9962,-80.1009,INNR1,LIRI,0,0,0
NCRMP,SEFCRI,2016,Broward-Miami,3078,25.9275,-80.0999,INNR1,LIRI,0,1,1
NCRMP,SEFCRI,2016,Broward-Miami,3083,25.8377,-80.0995,INNR1,LIRI,0,1,1
NCRMP,SEFCRI,2016,Broward-Miami,3085,26.2308,-80.0694,NEAR1,PTCH,0,0,1
NCRMP,SEFCRI,2016,Broward-Miami,3089,25.7697,-80.0883,NEAR0,APRD,0,0,1
NCRMP,SEFCRI,2016,Broward-Miami,3091,26.1952,-80.0795,MIDR0,LIRM,0,1,1
NCRMP,SEFCRI,2016,Broward-Miami,3094,26.1114,-80.0866,MIDR0,LIRM,0,0,1
NCRMP,SEFCRI,2016,Broward-Miami,3095,26.0635,-80.0939,MIDR0,LIRM,0,0,0
NCRMP,SEFCRI,2016,Broward-Miami,3097,26.0302,-80.0945,MIDR0,LIRM,0,0,0
NCRMP,SEFCRI,2016,Broward-Miami,3099,25.9868,-80.0930,MIDR0,LIRM,0,1,1
NCRMP,SEFCRI,2016,Broward-Miami,3105,25.8614,-80.0926,MIDR1,LIRM,0,0,0
NCRMP,SEFCRI,2016,Broward-Miami,3108,26.2331,-80.0742,MIDR1,LIRM,0,0,1
NCRMP,SEFCRI,2016,Broward-Miami,3110,26.1478,-80.0821,MIDR1,LIRM,0,0,0
NCRMP,SEFCRI,2016,Broward-Miami,3115,26.0717,-80.0924,MIDR1,LIRM,0,1,1
NCRMP,SEFCRI,2016,Broward-Miami,3117,26.0333,-80.0943,MIDR1,LIRM,0,0,0
NCRMP,SEFCRI,2016,Broward-Miami,3119,26.1747,-80.0757,OFFR1,LIRO,0,0,0
NCRMP,SEFCRI,2016,Broward-Miami,3120,26.0968,-80.0839,OFFR1,LIRO,0,1,1
NCRMP,SEFCRI,2016,Broward-Miami,3124,26.0223,-80.0873,OFFR1,LIRO,0,1,1
NCRMP,SEFCRI,2016,Broward-Miami,3127,25.9941,-80.0892,OFFR0,LIRO,0,0,1
NCRMP,SEFCRI,2016,Broward-Miami,3138,26.1301,-80.0803,OFFR1,LIRO,0,0,0
NCRMP,SEFCRI,2016,Broward-Miami,3139,26.0980,-80.0830,OFFR1,LIRO,0,0,0
NCRMP,SEFCRI,2016,Broward-Miami,3140,26.0963,-80.0829,OFFR1,SPGR,0,0,1
NCRMP,SEFCRI,2016,Broward-Miami,3142,26.0653,-80.0928,OFFR1,SPGR,0,0,1
NCRMP,SEFCRI,2016,Broward-Miami,3143,26.0588,-80.0857,OFFR1,SPGR,0,0,0
NCRMP,SEFCRI,2016,Broward-Miami,3144,26.0575,-80.0866,OFFR1,CPDP,0,1,1
NCRMP,SEFCRI,2016,Broward-Miami,3150,25.7882,-80.0881,OFFR1,LIRO,0,1,1
NCRMP,SEFCRI,2016,Broward-Miami,3152,26.2250,-80.0697,OFFR1,APRD,0,1,1
NCRMP,SEFCRI,2016,Broward-Miami,3154,26.1941,-80.0700,OFFR0,APRD,0,1,0
NCRMP,SEFCRI,2016,Broward-Miami,3800,26.1957,-80.0793,MIDR0,LIRM,0,1,1
NCRMP,SEFCRI,2016,Deerfield,3160,26.2958,-80.0747,NEAR0,RGSH,0,1,1
NCRMP,SEFCRI,2016,Deerfield,3162,26.3288,-80.0662,MIDR0,LIRM,0,1,1
NCRMP,SEFCRI,2016,Deerfield,3165,26.3106,-80.0655,MIDR0,LIRM,0,1,1
NCRMP,SEFCRI,2016,Deerfield,3167,26.3696,-80.0545,OFFR1,LIRO,0,0,1
NCRMP,SEFCRI,2016,Deerfield,3172,26.3336,-80.0578,OFFR1,SPGR,0,1,0
NCRMP,SEFCRI,2016,Deerfield,3174,26.3006,-80.0601,OFFR1,SPGR,0,1,1
NCRMP,SEFCRI,2016,Deerfield,3175,26.3775,-80.0530,OFFR0,APRD,0,0,1
NCRMP,SEFCRI,2016,Deerfield,3178,26.2823,-80.0611,OFFR1,SPGR,0,1,0
NCRMP,SEFCRI,2016,Martin,3214,26.9954,-80.0648,DPRC0,DPRC,0,0,0
NCRMP,SEFCRI,2016,Martin,3265,27.1258,-80.1342,NEAR0,RGSH,0,1,0
NCRMP,SEFCRI,2016,Martin,3266,27.1163,-80.1289,NEAR0,CPSH,0,0,0
NCRMP,SEFCRI,2016,Martin,3270,27.1071,-80.1235,NEAR0,RGSH,0,0,1
NCRMP,SEFCRI,2016,Martin,3279,27.1403,-80.0719,DPRC0,RGDP,0,1,1
NCRMP,SEFCRI,2016,Martin,3285,26.9954,-80.0648,DPRC0,RGDP,0,0,1
NCRMP,SEFCRI,2016,Martin,3286,27.0908,-80.0424,DPRC0,RGDP,0,1,1
NCRMP,SEFCRI,2016,Martin,3288,27.0662,-80.0439,DPRC0,RGDP,0,0,1
NCRMP,SEFCRI,2016,Martin,3289,27.0563,-80.0339,DPRC1,RGDP,0,0,1
NCRMP,SEFCRI,2016,North Palm Beach,3212,26.7400,-80.0341,NEAR0,RGSH,0,0,0
NCRMP,SEFCRI,2016,North Palm Beach,3217,26.9876,-80.0108,DPRC0,DPRC,0,0,1
NCRMP,SEFCRI,2016,North Palm Beach,3222,26.9617,-80.0025,DPRC0,DPRC,0,0,0
NCRMP,SEFCRI,2016,North Palm Beach,3226,26.9401,-80.0101,DPRC0,DPRC,0,0,1
NCRMP,SEFCRI,2016,North Palm Beach,3229,26.9126,-80.0323,DPRC0,DPRC,0,1,0
NCRMP,SEFCRI,2016,North Palm Beach,3230,26.9115,-80.0247,DPRC0,DPRC,0,0,1
NCRMP,SEFCRI,2016,North Palm Beach,3231,26.9047,-80.0296,DPRC0,DPRC,0,1,1
NCRMP,SEFCRI,2016,North Palm Beach,3240,26.8628,-80.0237,DPRC0,DPRC,0,0,0
NCRMP,SEFCRI,2016,North Palm Beach,3250,26.7418,-80.0092,DPRC0,DPRC,0,0,0
NCRMP,SEFCRI,2016,North Palm Beach,3254,26.9143,-80.0115,DPRC1,DPRC,0,1,1
NCRMP,SEFCRI,2016,North Palm Beach,3257,26.8649,-80.0172,DPRC1,DPRC,0,1,0
NCRMP,SEFCRI,2016,North Palm Beach,3259,26.8328,-80.0172,DPRC1,DPRC,0,1,0
NCRMP,SEFCRI,2016,North Palm Beach,3261,26.7688,-80.0127,DPRC1,DPRC,0,1,1
NCRMP,SEFCRI,2016,North Palm Beach,3262,26.7711,-80.0116,DPRC1,DPRC,0,1,1
NCRMP,SEFCRI,2016,North Palm Beach,3280,26.9928,-80.0154,DPRC0,RGDP,0,0,0
NCRMP,SEFCRI,2016,North Palm Beach,3624,26.8682,-80.0132,DPRC0,DPRC,0,0,0
NCRMP,SEFCRI,2016,North Palm Beach,3635,26.8307,-80.0001,DPRC0,DPRC,0,1,1
NCRMP,SEFCRI,2016,South Palm Beach,3185,26.5599,-80.0273,NEAR0,APRD,0,0,1
NCRMP,SEFCRI,2016,South Palm Beach,3186,26.5592,-80.0285,NEAR0,APRD,0,1,1
NCRMP,SEFCRI,2016,South Palm Beach,3189,26.6764,-80.0163,OFFR0,RGDP,0,1,0
NCRMP,SEFCRI,2016,South Palm Beach,3194,26.4848,-80.0405,OFFR1,LIRO,0,1,1
NCRMP,SEFCRI,2016,South Palm Beach,3195,26.4156,-80.0505,OFFR1,LIRO,0,1,1
NCRMP,SEFCRI,2016,South Palm Beach,3199,26.5862,-80.0245,OFFR1,RGDP,0,1,0
NCRMP,SEFCRI,2016,South Palm Beach,3203,26.5088,-80.0338,OFFR1,CPDP,0,1,0
NCRMP,SEFCRI,2016,South Palm Beach,3206,26.4007,-80.0509,OFFR1,SPGR,0,1,1
NCRMP,SEFCRI,2016,South Palm Beach,3207,26.5661,-80.0255,OFFR1,RGDP,0,1,0
NCRMP,SEFCRI,2016,South Palm Beach,3210,26.4370,-80.0460,OFFR1,APRD,0,1,1
NCRMP,SEFCRI,2018,Broward-Miami,3053,25.8427,-80.1042,INNR0,LIRI,0,0,1
NCRMP,SEFCRI,2018,Broward-Miami,3059,25.9539,-80.1003,INNR0,LIRI,0,0,1
NCRMP,SEFCRI,2018,Broward-Miami,3062,25.9767,-80.1000,INNR0,LIRI,0,0,1
NCRMP,SEFCRI,2018,Broward-Miami,3063,25.8526,-80.0998,INNR1,LIRI,0,1,1
NCRMP,SEFCRI,2018,Broward-Miami,3066,26.0107,-80.1011,INNR1,LIRI,0,0,1
NCRMP,SEFCRI,2018,Broward-Miami,3067,25.9571,-80.0999,NEAR1,CPSH,0,1,1
NCRMP,SEFCRI,2018,Broward-Miami,3077,25.8738,-80.1005,INNR1,LIRI,0,0,1
NCRMP,SEFCRI,2018,Broward-Miami,3079,26.0906,-80.0956,INNR1,LIRI,0,0,1
NCRMP,SEFCRI,2018,Broward-Miami,3085,25.9054,-80.0907,MIDR0,LIRM,0,0,1
NCRMP,SEFCRI,2018,Broward-Miami,3096,26.2103,-80.0783,MIDR0,LIRM,0,0,1
NCRMP,SEFCRI,2018,Broward-Miami,3097,25.8221,-80.0912,MIDR0,LIRM,0,0,1
NCRMP,SEFCRI,2018,Broward-Miami,3109,25.8770,-80.0924,MIDR1,LIRM,0,0,0
NCRMP,SEFCRI,2018,Broward-Miami,3110,25.8716,-80.0925,MIDR1,LIRM,0,0,1
NCRMP,SEFCRI,2018,Broward-Miami,3117,25.7994,-80.0926,MIDR1,LIRM,0,1,1
NCRMP,SEFCRI,2018,Broward-Miami,3136,25.8887,-80.1073,NEAR0,RGSH,0,1,1
NCRMP,SEFCRI,2018,Broward-Miami,3155,26.1650,-80.0935,NEAR1,RGSH,0,0,1
NCRMP,SEFCRI,2018,Broward-Miami,3179,26.0436,-80.1061,NEAR1,RGSH,0,0,0
NCRMP,SEFCRI,2018,Broward-Miami,3180,26.1718,-80.0887,NEAR1,RGSH,0,0,1
NCRMP,SEFCRI,2018,Broward-Miami,3202,26.0106,-80.0886,OFFR1,CPDP,0,0,0
NCRMP,SEFCRI,2018,Broward-Miami,3230,26.1266,-80.0805,OFFR1,LIRO,0,0,0
NCRMP,SEFCRI,2018,Broward-Miami,3231,25.9273,-80.0877,OFFR1,SPGR,0,1,1
NCRMP,SEFCRI,2018,Broward-Miami,3240,26.0031,-80.0875,OFFR1,LIRO,0,1,1
NCRMP,SEFCRI,2018,Broward-Miami,3241,26.2377,-80.0658,OFFR1,SPGR,0,0,0
NCRMP,SEFCRI,2018,Broward-Miami,3242,25.9606,-80.0888,OFFR1,SPGR,0,0,0
NCRMP,SEFCRI,2018,Broward-Miami,3243,25.8091,-80.0884,OFFR0,LIRO,0,0,1
NCRMP,SEFCRI,2018,Broward-Miami,3263,25.9626,-80.0889,NEAR1,APRD,0,0,0
NCRMP,SEFCRI,2018,Broward-Miami,3266,26.1414,-80.0774,OFFR1,APRD,0,0,0
NCRMP,SEFCRI,2018,Broward-Miami,3272,25.7716,-80.0882,OFFR0,LIRO,0,0,1
NCRMP,SEFCRI,2018,Broward-Miami,3278,25.7704,-80.0876,NEAR0,APRD,0,0,1
NCRMP,SEFCRI,2018,Broward-Miami,3901,25.9766,-80.0998,INNR0,LIRI,0,1,1
NCRMP,SEFCRI,2018,Broward-Miami,3903,26.2101,-80.0788,NEAR0,CPSH,0,1,0
NCRMP,SEFCRI,2018,Broward-Miami,3904,26.0108,-80.1013,INNR1,LIRI,0,0,1
NCRMP,SEFCRI,2018,Broward-Miami,3905,26.1726,-80.0887,NEAR1,RGSH,0,0,1
NCRMP,SEFCRI,2018,Deerfield,3103,26.3163,-80.0653,MIDR0,LIRM,0,0,1
NCRMP,SEFCRI,2018,Deerfield,3122,26.2637,-80.0705,MIDR1,LIRM,0,0,1
NCRMP,SEFCRI,2018,Deerfield,3213,26.3775,-80.0539,OFFR0,LIRO,0,0,1
NCRMP,SEFCRI,2018,Deerfield,3245,26.2819,-80.0621,OFFR1,LIRO,0,0,1
NCRMP,SEFCRI,2018,Deerfield,3246,26.3359,-80.0587,OFFR1,CPDP,0,0,1
NCRMP,SEFCRI,2018,Deerfield,3247,26.2915,-80.0618,OFFR1,LIRO,0,0,1
NCRMP,SEFCRI,2018,Deerfield,3258,26.3045,-80.0594,OFFR1,LIRO,0,0,1
NCRMP,SEFCRI,2018,Deerfield,3268,26.2696,-80.0618,OFFR1,APRD,0,0,1
NCRMP,SEFCRI,2018,North Palm Beach,3001,26.8938,-80.0021,DPRC0,DPRC,0,0,1
NCRMP,SEFCRI,2018,North Palm Beach,3002,26.9449,-80.0104,DPRC0,DPRC,0,0,1
NCRMP,SEFCRI,2018,North Palm Beach,3006,26.9337,-80.0131,DPRC0,DPRC,0,0,1
NCRMP,SEFCRI,2018,North Palm Beach,3008,26.8559,-80.0095,DPRC0,DPRC,0,0,1
NCRMP,SEFCRI,2018,North Palm Beach,3016,26.7245,-80.0126,DPRC0,DPRC,0,0,0
NCRMP,SEFCRI,2018,North Palm Beach,3018,26.9050,-80.0128,DPRC0,DPRC,0,0,1
NCRMP,SEFCRI,2018,North Palm Beach,3024,26.8225,-80.0112,DPRC0,DPRC,0,0,0
NCRMP,SEFCRI,2018,North Palm Beach,3025,26.9116,-80.0008,DPRC0,DPRC,0,0,0
NCRMP,SEFCRI,2018,North Palm Beach,3033,26.9266,-80.0307,DPRC0,DPRC,0,0,1
NCRMP,SEFCRI,2018,North Palm Beach,3039,26.9359,-80.0143,DPRC0,DPRC,0,0,1
NCRMP,SEFCRI,2018,North Palm Beach,3043,26.9010,-80.0167,DPRC1,DPRC,0,0,0
NCRMP,SEFCRI,2018,North Palm Beach,3046,26.7781,-80.0141,DPRC1,DPRC,0,0,0
NCRMP,SEFCRI,2018,North Palm Beach,3047,26.8398,-80.0163,DPRC1,DPRC,0,1,1
NCRMP,SEFCRI,2018,North Palm Beach,3048,26.7496,-80.0158,DPRC1,DPRC,0,0,1
NCRMP,SEFCRI,2018,North Palm Beach,3049,26.8335,-80.0170,DPRC1,DPRC,0,0,0
NCRMP,SEFCRI,2018,North Palm Beach,3050,26.8169,-80.0038,DPRC1,DPRC,0,0,1
NCRMP,SEFCRI,2018,North Palm Beach,3262,26.8256,-80.0165,DPRC0,DPRC,0,0,0
NCRMP,SEFCRI,2018,North Palm Beach,3285,26.7230,-80.0191,NEAR1,PTCH,0,0,1
NCRMP,SEFCRI,2018,North Palm Beach,3545,26.7441,-80.0130,DPRC1,DPRC,0,0,1
NCRMP,SEFCRI,2018,South Palm Beach,3219,26.6920,-80.0185,OFFR0,LIRO,0,0,1
NCRMP,SEFCRI,2018,South Palm Beach,3222,26.6898,-80.0157,OFFR1,SPGR,0,0,1
NCRMP,SEFCRI,2018,South Palm Beach,3248,26.5863,-80.0232,OFFR1,RGDP,0,0,0
NCRMP,SEFCRI,2018,South Palm Beach,3250,26.5292,-80.0298,OFFR1,RGDP,0,0,0
NCRMP,SEFCRI,2018,South Palm Beach,3252,26.5254,-80.0316,OFFR1,LIRO,0,0,1
NCRMP,SEFCRI,2018,South Palm Beach,3253,26.4914,-80.0374,OFFR1,LIRO,0,1,1
NCRMP,SEFCRI,2018,South Palm Beach,3254,26.5244,-80.0327,OFFR1,LIRO,0,0,1
NCRMP,SEFCRI,2018,South Palm Beach,3997,26.5248,-80.0323,OFFR1,LIRO,0,0,1
NCRMP,SEFCRI,2018,South Palm Beach,3998,26.5262,-80.0314,OFFR1,LIRO,0,1,0
NCRMP,SEFCRI,2018,South Palm Beach,3999,26.5296,-80.0289,OFFR1,RGDP,0,0,1
NCRMP,SEFCRI,2020,Broward-Miami,3084,26.0783,-80.0974,INNR0,LIRI,0,0,0
NCRMP,SEFCRI,2020,Broward-Miami,3085,26.1412,-80.0889,INNR0,LIRI,0,0,1
NCRMP,SEFCRI,2020,Broward-Miami,3090,25.9884,-80.1000,INNR0,LIRI,0,0,1
NCRMP,SEFCRI,2020,Broward-Miami,3093,26.0016,-80.1009,INNR0,LIRI,0,0,0
NCRMP,SEFCRI,2020,Broward-Miami,3095,26.1733,-80.0872,INNR0,LIRI,0,0,1
NCRMP,SEFCRI,2020,Broward-Miami,3099,26.0518,-80.0986,INNR1,LIRI,0,1,0
NCRMP,SEFCRI,2020,Broward-Miami,3101,25.9322,-80.1002,INNR1,LIRI,0,0,1
NCRMP,SEFCRI,2020,Broward-Miami,3103,26.1644,-80.0882,INNR0,LIRI,0,0,1
NCRMP,SEFCRI,2020,Broward-Miami,3104,26.1336,-80.0912,INNR1,LIRI,0,0,1
NCRMP,SEFCRI,2020,Broward-Miami,3105,26.0216,-80.0991,INNR0,LIRI,0,0,1
NCRMP,SEFCRI,2020,Broward-Miami,3110,25.9807,-80.1026,INNR1,LIRI,0,0,1
NCRMP,SEFCRI,2020,Broward-Miami,3112,25.8257,-80.0977,INNR1,LIRI,0,0,1
NCRMP,SEFCRI,2020,Broward-Miami,3114,26.0573,-80.0936,MIDR0,LIRM,0,0,1
NCRMP,SEFCRI,2020,Broward-Miami,3116,26.0084,-80.0975,MIDR0,LIRM,0,0,0
NCRMP,SEFCRI,2020,Broward-Miami,3118,26.0091,-80.0952,MIDR1,LIRM,0,0,1
NCRMP,SEFCRI,2020,Broward-Miami,3121,25.9081,-80.0918,MIDR1,LIRM,0,0,1
NCRMP,SEFCRI,2020,Broward-Miami,3125,25.8568,-80.0921,MIDR1,LIRM,0,0,1
NCRMP,SEFCRI,2020,Broward-Miami,3126,26.2193,-80.0766,MIDR1,LIRM,0,0,1
NCRMP,SEFCRI,2020,Broward-Miami,3128,26.0369,-80.0938,MIDR1,LIRM,0,0,1
NCRMP,SEFCRI,2020,Broward-Miami,3130,26.2567,-80.0718,MIDR0,LIRM,0,0,1
NCRMP,SEFCRI,2020,Broward-Miami,3133,25.8536,-80.1076,NEAR0,RGSH,0,0,1
NCRMP,SEFCRI,2020,Broward-Miami,3135,26.0761,-80.1082,NEAR0,CPSH,0,0,1
NCRMP,SEFCRI,2020,Broward-Miami,3137,25.9502,-80.1093,NEAR0,RGSH,0,0,1
NCRMP,SEFCRI,2020,Broward-Miami,3138,25.9514,-80.1102,NEAR0,RGSH,0,0,0
NCRMP,SEFCRI,2020,Broward-Miami,3143,26.1484,-80.0989,NEAR0,CPSH,0,0,1
NCRMP,SEFCRI,2020,Broward-Miami,3148,25.8848,-80.1088,NEAR0,RGSH,0,0,1
NCRMP,SEFCRI,2020,Broward-Miami,3150,26.1353,-80.0940,NEAR0,CPSH,0,0,1
NCRMP,SEFCRI,2020,Broward-Miami,3152,25.7950,-80.1125,NEAR0,RGSH,0,0,1
NCRMP,SEFCRI,2020,Broward-Miami,3153,25.8648,-80.1105,NEAR0,RGSH,0,0,0
NCRMP,SEFCRI,2020,Broward-Miami,3155,26.1323,-80.0970,NEAR0,CPSH,0,0,0
NCRMP,SEFCRI,2020,Broward-Miami,3157,26.2432,-80.0785,NEAR0,CPSH,0,1,1
NCRMP,SEFCRI,2020,Broward-Miami,3159,25.9052,-80.1094,NEAR0,RGSH,0,0,0
NCRMP,SEFCRI,2020,Broward-Miami,3164,26.0576,-80.1041,NEAR0,CPSH,0,0,0
NCRMP,SEFCRI,2020,Broward-Miami,3166,25.7877,-80.1075,NEAR0,RGSH,0,0,1
NCRMP,SEFCRI,2020,Broward-Miami,3169,25.9927,-80.1115,NEAR0,CPSH,0,0,1
NCRMP,SEFCRI,2020,Broward-Miami,3172,26.1154,-80.1025,NEAR0,CPSH,0,0,1
NCRMP,SEFCRI,2020,Broward-Miami,3174,25.7953,-80.0996,NEAR0,RGSH,0,0,1
NCRMP,SEFCRI,2020,Broward-Miami,3177,26.0860,-80.1040,NEAR0,RGSH,0,0,0
NCRMP,SEFCRI,2020,Broward-Miami,3178,25.8929,-80.1171,NEAR0,CPSH,0,0,0
NCRMP,SEFCRI,2020,Broward-Miami,3180,26.1534,-80.0964,NEAR0,CPSH,0,0,1
NCRMP,SEFCRI,2020,Broward-Miami,3184,26.2169,-80.0863,NEAR0,RGSH,0,0,0
NCRMP,SEFCRI,2020,Broward-Miami,3203,26.1853,-80.0879,NEAR1,RGSH,0,0,1
NCRMP,SEFCRI,2020,Broward-Miami,3204,26.1520,-80.0957,NEAR1,CPSH,0,0,1
NCRMP,SEFCRI,2020,Broward-Miami,3213,25.7761,-80.0894,OFFR1,LIRO,0,0,0
NCRMP,SEFCRI,2020,Broward-Miami,3231,26.0318,-80.0854,OFFR0,RGDP,0,0,1
NCRMP,SEFCRI,2020,Broward-Miami,3258,26.2161,-80.0699,OFFR1,SPGR,0,0,1
NCRMP,SEFCRI,2020,Broward-Miami,3259,26.1455,-80.0787,OFFR1,LIRO,0,0,0
NCRMP,SEFCRI,2020,Broward-Miami,3268,26.0286,-80.0876,OFFR1,LIRO,0,0,1
NCRMP,SEFCRI,2020,Broward-Miami,3270,25.8835,-80.0881,OFFR1,SPGR,0,0,1
NCRMP,SEFCRI,2020,Broward-Miami,3280,26.2301,-80.0700,PTSH2,PTCH,0,0,0
NCRMP,SEFCRI,2020,Broward-Miami,3305,26.0979,-80.0821,PTDP1,APRD,0,0,1
NCRMP,SEFCRI,2020,Broward-Miami,3306,26.0257,-80.0865,OFFR1,SPGR,0,0,1
NCRMP,SEFCRI,2020,Broward-Miami,3315,26.1973,-80.0700,OFFR1,SPGR,0,0,1
NCRMP,SEFCRI,2020,Broward-Miami,3316,26.0766,-80.0838,PTDP1,APRD,0,0,0
NCRMP,SEFCRI,2020,Broward-Miami,3324,26.1736,-80.0818,MIDR0,LIRM,0,0,0
NCRMP,SEFCRI,2020,Broward-Miami,3325,25.7773,-80.0951,PTSH2,APRS,0,0,0
NCRMP,SEFCRI,2020,Deerfield,3123,26.3212,-80.0666,MIDR0,LIRM,0,0,1
NCRMP,SEFCRI,2020,Deerfield,3124,26.2915,-80.0687,MIDR0,LIRM,0,0,1
NCRMP,SEFCRI,2020,Deerfield,3131,26.2690,-80.0699,MIDR1,LIRM,0,0,1
NCRMP,SEFCRI,2020,Deerfield,3132,26.2736,-80.0708,MIDR1,LIRM,0,0,1
NCRMP,SEFCRI,2020,Deerfield,3190,26.3136,-80.0733,NEAR0,RGSH,0,0,0
NCRMP,SEFCRI,2020,Deerfield,3235,26.3588,-80.0550,OFFR0,LIRO,0,0,0
NCRMP,SEFCRI,2020,Deerfield,3237,26.3490,-80.0548,OFFR1,SPGR,0,0,0
NCRMP,SEFCRI,2020,Deerfield,3282,26.3806,-80.0529,OFFR1,SPGR,0,0,1
NCRMP,SEFCRI,2020,Deerfield,3288,26.3634,-80.0550,OFFR1,LIRO,0,0,0
NCRMP,SEFCRI,2020,Deerfield,3307,26.3106,-80.0580,PTDP1,APRD,0,0,1
NCRMP,SEFCRI,2020,Deerfield,3308,26.2962,-80.0599,PTDP1,APRD,0,0,1
NCRMP,SEFCRI,2020,Deerfield,3317,26.3230,-80.0575,PTDP1,APRD,0,0,1
NCRMP,SEFCRI,2020,Deerfield,3318,26.2971,-80.0602,OFFR1,SPGR,0,1,1
NCRMP,SEFCRI,2020,North Palm Beach,3005,26.8614,-80.0092,DPRC0,DPRC,0,0,0
NCRMP,SEFCRI,2020,North Palm Beach,3011,26.9153,-80.0070,DPRC0,DPRC,0,0,1
NCRMP,SEFCRI,2020,North Palm Beach,3016,26.8837,-80.0286,DPRC0,DPRC,0,0,1
NCRMP,SEFCRI,2020,North Palm Beach,3067,26.8766,-80.0098,DPRC0,DPRC,0,0,0
NCRMP,SEFCRI,2020,North Palm Beach,3073,26.7824,-80.0136,DPRC0,DPRC,0,0,0
NCRMP,SEFCRI,2020,North Palm Beach,3193,26.7317,-80.0335,NEAR0,RGSH,0,0,0
NCRMP,SEFCRI,2020,North Palm Beach,3206,26.7174,-80.0309,NEAR1,RGSH,0,0,0
NCRMP,SEFCRI,2020,North Palm Beach,3208,26.7229,-80.0295,NEAR1,CPSH,0,0,0
NCRMP,SEFCRI,2020,North Palm Beach,3303,26.7320,-80.0155,OFFR1,CPDP,0,0,0
NCRMP,SEFCRI,2020,North Palm Beach,3311,26.7237,-80.0176,PTDP0,PTCH,0,0,1
NCRMP,SEFCRI,2020,North Palm Beach,3321,26.8250,-80.0167,PTDP1,PTCH,0,0,0
NCRMP,SEFCRI,2020,North Palm Beach,3329,26.7255,-80.0179,PTSH2,PTCH,0,1,0
NCRMP,SEFCRI,2020,North Palm Beach,3330,26.7228,-80.0192,PTSH2,PTCH,0,0,1
NCRMP,SEFCRI,2020,South Palm Beach,3191,26.7109,-80.0297,NEAR0,RGSH,0,0,1
NCRMP,SEFCRI,2020,South Palm Beach,3248,26.4615,-80.0451,OFFR0,LIRO,0,0,1
NCRMP,SEFCRI,2020,South Palm Beach,3252,26.4121,-80.0509,OFFR0,LIRO,0,0,1
NCRMP,SEFCRI,2020,South Palm Beach,3297,26.6461,-80.0190,OFFR1,LIRO,0,0,0
NCRMP,SEFCRI,2020,South Palm Beach,3299,26.5220,-80.0319,OFFR1,LIRO,0,1,1
NCRMP,SEFCRI,2020,South Palm Beach,3320,26.4304,-80.0469,OFFR1,SPGR,0,0,1
NCRMP,SEFCRI,2020,South Palm Beach,3327,26.5718,-80.0263,PTSH2,APRD,0,0,0
NCRMP,SEFCRI,2020,South Palm Beach,3328,26.5260,-80.0354,PTSH2,PTCH,0,0,0
NCRMP,SEFCRI,2022,Broward-Miami,3039,25.9457,-80.1024,INNR0,LIRI,0,0,0
NCRMP,SEFCRI,2022,Broward-Miami,3047,25.9449,-80.1033,INNR0,LIRI,0,0,0
NCRMP,SEFCRI,2022,Broward-Miami,3050,26.1057,-80.0927,INNR0,LIRI,0,0,1
NCRMP,SEFCRI,2022,Broward-Miami,3053,26.1159,-80.0919,INNR1,LIRI,0,0,1
NCRMP,SEFCRI,2022,Broward-Miami,3057,25.8609,-80.0996,INNR1,LIRI,0,0,1
NCRMP,SEFCRI,2022,Broward-Miami,3058,26.0040,-80.1005,INNR1,LIRI,0,0,1
NCRMP,SEFCRI,2022,Broward-Miami,3060,26.1759,-80.0874,INNR1,LIRI,0,0,1
NCRMP,SEFCRI,2022,Broward-Miami,3063,26.0273,-80.0998,INNR1,LIRI,0,0,0
NCRMP,SEFCRI,2022,Broward-Miami,3064,26.1207,-80.0934,INNR1,LIRI,0,1,1
NCRMP,SEFCRI,2022,Broward-Miami,3065,25.8644,-80.0990,INNR1,LIRI,0,0,1
NCRMP,SEFCRI,2022,Broward-Miami,3066,25.8882,-80.1008,INNR1,LIRI,0,0,0
NCRMP,SEFCRI,2022,Broward-Miami,3071,25.9900,-80.1026,INNR1,LIRI,0,1,1
NCRMP,SEFCRI,2022,Broward-Miami,3074,25.8966,-80.1013,INNR1,LIRI,0,0,0
NCRMP,SEFCRI,2022,Broward-Miami,3075,25.8549,-80.1056,INNR1,LIRI,0,0,0
NCRMP,SEFCRI,2022,Broward-Miami,3076,25.8888,-80.1018,INNR1,LIRI,0,0,1
NCRMP,SEFCRI,2022,Broward-Miami,3078,26.0075,-80.1014,INNR1,LIRI,0,0,0
NCRMP,SEFCRI,2022,Broward-Miami,3085,26.2212,-80.0768,MIDR0,LIRM,0,0,0
NCRMP,SEFCRI,2022,Broward-Miami,3088,26.2180,-80.0772,MIDR1,LIRM,0,0,0
NCRMP,SEFCRI,2022,Broward-Miami,3094,26.0088,-80.0961,MIDR0,LIRM,0,0,1
NCRMP,SEFCRI,2022,Broward-Miami,3097,26.0918,-80.0893,MIDR1,LIRM,0,0,1
NCRMP,SEFCRI,2022,Broward-Miami,3101,26.1254,-80.0867,MIDR0,LIRM,0,0,1
NCRMP,SEFCRI,2022,Broward-Miami,3108,26.0506,-80.0925,MIDR1,LIRM,0,0,0
NCRMP,SEFCRI,2022,Broward-Miami,3109,26.1682,-80.0802,MIDR1,LIRM,0,0,0
NCRMP,SEFCRI,2022,Broward-Miami,3110,26.1081,-80.0865,MIDR1,LIRM,0,0,1
NCRMP,SEFCRI,2022,Broward-Miami,3111,26.0378,-80.0942,MIDR1,LIRM,0,0,0
NCRMP,SEFCRI,2022,Broward-Miami,3114,26.0702,-80.0916,MIDR1,LIRM,0,0,0
NCRMP,SEFCRI,2022,Broward-Miami,3118,25.8603,-80.0926,MIDR1,LIRM,0,0,1
NCRMP,SEFCRI,2022,Broward-Miami,3119,25.9907,-80.0958,MIDR1,LIRM,0,0,1
NCRMP,SEFCRI,2022,Broward-Miami,3127,26.0194,-80.1049,NEAR0,CPSH,0,0,1
NCRMP,SEFCRI,2022,Broward-Miami,3129,25.7709,-80.1109,NEAR0,RGSH,0,0,1
NCRMP,SEFCRI,2022,Broward-Miami,3131,25.7873,-80.1071,NEAR0,RGSH,0,0,1
NCRMP,SEFCRI,2022,Broward-Miami,3134,25.7953,-80.0996,NEAR0,RGSH,0,0,1
NCRMP,SEFCRI,2022,Broward-Miami,3136,26.0654,-80.1011,NEAR0,CPSH,0,1,1
NCRMP,SEFCRI,2022,Broward-Miami,3137,26.2394,-80.0802,NEAR0,CPSH,0,0,0
NCRMP,SEFCRI,2022,Broward-Miami,3138,25.8117,-80.1094,NEAR0,RGSH,0,0,0
NCRMP,SEFCRI,2022,Broward-Miami,3139,26.0636,-80.1025,NEAR0,CPSH,0,0,0
NCRMP,SEFCRI,2022,Broward-Miami,3140,25.7868,-80.1027,NEAR0,RGSH,0,0,1
NCRMP,SEFCRI,2022,Broward-Miami,3141,26.1066,-80.0961,NEAR0,CPSH,0,0,1
NCRMP,SEFCRI,2022,Broward-Miami,3143,25.9145,-80.1154,NEAR0,CPSH,0,0,0
NCRMP,SEFCRI,2022,Broward-Miami,3144,26.2217,-80.0862,NEAR0,CPSH,0,0,0
NCRMP,SEFCRI,2022,Broward-Miami,3145,26.0335,-80.1095,NEAR0,CPSH,0,0,0
NCRMP,SEFCRI,2022,Broward-Miami,3146,26.2029,-80.0880,NEAR0,RGSH,0,0,1
NCRMP,SEFCRI,2022,Broward-Miami,3147,26.1995,-80.0841,NEAR0,CPSH,0,0,0
NCRMP,SEFCRI,2022,Broward-Miami,3148,25.8003,-80.1080,NEAR0,RGSH,0,0,0
NCRMP,SEFCRI,2022,Broward-Miami,3149,25.8992,-80.1058,NEAR0,RGSH,0,0,0
NCRMP,SEFCRI,2022,Broward-Miami,3150,25.9133,-80.1021,NEAR0,CPSH,0,0,0
NCRMP,SEFCRI,2022,Broward-Miami,3175,25.9372,-80.1110,NEAR1,RGSH,0,0,0
NCRMP,SEFCRI,2022,Broward-Miami,3188,25.8346,-80.0890,OFFR1,LIRO,0,0,1
NCRMP,SEFCRI,2022,Broward-Miami,3189,26.0240,-80.0872,OFFR1,SPGR,0,0,0
NCRMP,SEFCRI,2022,Broward-Miami,3191,25.8637,-80.0884,OFFR1,LIRO,0,0,1
NCRMP,SEFCRI,2022,Broward-Miami,3192,25.8154,-80.0902,OFFR1,CPDP,0,0,1
NCRMP,SEFCRI,2022,Broward-Miami,3193,25.9724,-80.0898,OFFR1,LIRO,0,0,0
NCRMP,SEFCRI,2022,Broward-Miami,3197,25.9970,-80.0892,OFFR1,LIRO,0,0,0
NCRMP,SEFCRI,2022,Broward-Miami,3200,26.2503,-80.0665,OFFR0,CPDP,0,0,1
NCRMP,SEFCRI,2022,Broward-Miami,3201,26.0138,-80.0905,OFFR1,SPGR,0,0,0
NCRMP,SEFCRI,2022,Broward-Miami,3219,26.0023,-80.0885,OFFR1,LIRO,0,0,0
NCRMP,SEFCRI,2022,Broward-Miami,3220,26.2293,-80.0686,OFFR1,SPGR,0,0,0
NCRMP,SEFCRI,2022,Broward-Miami,3223,26.1916,-80.0714,OFFR1,LIRO,0,0,0
NCRMP,SEFCRI,2022,Broward-Miami,3224,26.0272,-80.0871,OFFR1,LIRO,0,0,0
NCRMP,SEFCRI,2022,Broward-Miami,3225,26.1665,-80.0763,OFFR1,SPGR,0,0,0
NCRMP,SEFCRI,2022,Broward-Miami,3229,25.8742,-80.0885,OFFR1,SPGR,0,0,0
NCRMP,SEFCRI,2022,Broward-Miami,3234,26.1532,-80.0773,OFFR1,SPGR,0,0,0
NCRMP,SEFCRI,2022,Broward-Miami,3257,25.9398,-80.0877,OFFR1,SPGR,0,0,1
NCRMP,SEFCRI,2022,Broward-Miami,3258,26.0586,-80.0850,OFFR1,SPGR,0,0,0
NCRMP,SEFCRI,2022,Broward-Miami,3269,25.7850,-80.0860,PTDP1,APRD,0,0,1
NCRMP,SEFCRI,2022,Broward-Miami,3271,25.8446,-80.0865,OFFR1,SPGR,0,0,1
NCRMP,SEFCRI,2022,Broward-Miami,3273,26.2082,-80.0694,PTDP1,APRD,0,0,0
NCRMP,SEFCRI,2022,Broward-Miami,3275,26.1236,-80.0798,PTDP1,APRD,0,0,0
NCRMP,SEFCRI,2022,Broward-Miami,3290,25.8772,-80.1018,PTSH2,PTCH,0,0,1
NCRMP,SEFCRI,2022,Deerfield,3102,26.2861,-80.0695,MIDR0,LIRM,0,0,0
NCRMP,SEFCRI,2022,Deerfield,3105,26.3718,-80.0625,MIDR0,LIRM,0,0,0
NCRMP,SEFCRI,2022,Deerfield,3123,26.2809,-80.0692,MIDR1,LIRM,0,0,1
NCRMP,SEFCRI,2022,Deerfield,3203,26.3500,-80.0549,OFFR1,SPGR,0,0,0
NCRMP,SEFCRI,2022,Deerfield,3237,26.3317,-80.0573,PTDP1,APRD,0,0,0
NCRMP,SEFCRI,2022,Deerfield,3239,26.2713,-80.0630,OFFR1,SPGR,0,0,0
NCRMP,SEFCRI,2022,Deerfield,3259,26.2847,-80.0610,OFFR1,SPGR,0,0,0
NCRMP,SEFCRI,2022,Deerfield,3260,26.2973,-80.0593,PTDP1,APRD,0,0,0
NCRMP,SEFCRI,2022,Deerfield,3277,26.3531,-80.0542,PTDP1,APRD,0,0,0
NCRMP,SEFCRI,2022,Deerfield,3279,26.3291,-80.0566,PTDP1,APRD,0,0,0
NCRMP,SEFCRI,2022,Deerfield,3280,26.2940,-80.0603,PTDP1,APRD,0,0,1
NCRMP,SEFCRI,2022,North Palm Beach,3005,26.7182,-80.0123,DPRC0,DPRC,0,0,1
NCRMP,SEFCRI,2022,North Palm Beach,3006,26.8302,-80.0120,DPRC0,DPRC,0,0,0
NCRMP,SEFCRI,2022,North Palm Beach,3013,26.8299,-80.0117,DPRC0,DPRC,0,0,0
NCRMP,SEFCRI,2022,North Palm Beach,3023,26.8340,-80.0166,DPRC0,DPRC,0,0,0
NCRMP,SEFCRI,2022,North Palm Beach,3025,26.8610,-80.0203,DPRC0,DPRC,0,0,0
NCRMP,SEFCRI,2022,North Palm Beach,3026,26.8721,-80.0195,DPRC0,DPRC,0,0,0
NCRMP,SEFCRI,2022,North Palm Beach,3159,26.7289,-80.0313,NEAR0,CPSH,0,0,0
NCRMP,SEFCRI,2022,North Palm Beach,3263,26.7238,-80.0181,PTSH2,PTCH,0,0,1
NCRMP,SEFCRI,2022,North Palm Beach,3264,26.7243,-80.0179,PTSH2,PTCH,0,0,0
NCRMP,SEFCRI,2022,North Palm Beach,3285,26.8252,-80.0162,PTDP0,PTCH,0,0,0
NCRMP,SEFCRI,2022,South Palm Beach,3002,26.7159,-80.0135,DPRC0,DPRC,0,0,0
NCRMP,SEFCRI,2022,South Palm Beach,3157,26.6939,-80.0310,NEAR0,RGSH,0,0,0
NCRMP,SEFCRI,2022,South Palm Beach,3214,26.5508,-80.0274,OFFR0,RGDP,0,0,1
NCRMP,SEFCRI,2022,South Palm Beach,3215,26.7170,-80.0183,OFFR0,LIRO,0,0,0
NCRMP,SEFCRI,2022,South Palm Beach,3243,26.6130,-80.0226,OFFR1,LIRO,0,0,0
NCRMP,SEFCRI,2022,South Palm Beach,3249,26.4477,-80.0452,OFFR1,SPGR,0,1,0
NCRMP,SEFCRI,2022,South Palm Beach,3252,26.5509,-80.0274,OFFR0,RGDP,0,0,0
NCRMP,SEFCRI,2022,South Palm Beach,3262,26.6408,-80.0187,PTDP0,APRD,0,0,0
NCRMP,SEFCRI,2022,South Palm Beach,3281,26.6179,-80.0206,PTDP1,APRD,0,0,0
NCRMP,SEFCRI,2022,South Palm Beach,3282,26.3965,-80.0519,OFFR1,SPGR,0,0,0
