"REGION","SURVEY","YEAR","SUB_REGION_NAME","PRIMARY_SAMPLE_UNIT","LAT_DEGREES","LON_DEGREES","STRAT","HABITAT_CD","PROT","avsitemort","MORT_TYPE"
"SEFCRI","NCRMP",2016,"Broward-Miami","3001",26.20328,-80.08675,"NEAR0","RGSH","0",23,"Old"
"SEFCRI","NCRMP",2016,"Broward-Miami","3002",26.1882,-80.0886,"NEAR0","RGSH","0",15,"Old"
"SEFCRI","NCRMP",2016,"Broward-Miami","3004",26.16218333,-80.09666667,"NEAR0","CPSH","0",0,"Old"
"SEFCRI","NCRMP",2016,"Broward-Miami","3009",26.0847,-80.0998,"NEAR0","CPSH","0",0.333333333333333,"Old"
"SEFCRI","NCRMP",2016,"Broward-Miami","3016",26.00153,-80.11192,"NEAR0","CPSH","0",0,"Old"
"SEFCRI","NCRMP",2016,"Broward-Miami","3021",25.92597,-80.10537,"NEAR0","RGSH","0",20,"Old"
"SEFCRI","NCRMP",2016,"Broward-Miami","3030",25.87205,-80.11192,"NEAR0","RGSH","0",0,"Old"
"SEFCRI","NCRMP",2016,"Broward-Miami","3030",25.87205,-80.11191667,"NEAR0","RGSH","0",70,"Old"
"SEFCRI","NCRMP",2016,"Broward-Miami","3036",25.80918,-80.09967,"NEAR0","RGSH","0",2,"Old"
"SEFCRI","NCRMP",2016,"Broward-Miami","3036",25.80918333,-80.09966667,"NEAR0","RGSH","0",0,"Old"
"SEFCRI","NCRMP",2016,"Broward-Miami","3037",25.80663,-80.10753,"NEAR0","RGSH","0",3.75,"Old"
"SEFCRI","NCRMP",2016,"Broward-Miami","3040",25.80368,-80.0914,"NEAR0","RGSH","0",32.5,"Old"
"SEFCRI","NCRMP",2016,"Broward-Miami","3045",26.21538,-80.08393,"NEAR1","RGSH","0",14.2592592592593,"Old"
"SEFCRI","NCRMP",2016,"Broward-Miami","3057",26.08965,-80.09368,"INNR0","LIRI","0",0,"Old"
"SEFCRI","NCRMP",2016,"Broward-Miami","3058",26.05528,-80.0981,"INNR0","LIRI","0",14.1666666666667,"Old"
"SEFCRI","NCRMP",2016,"Broward-Miami","3059",26.03543,-80.10108,"INNR0","LIRI","0",0,"Old"
"SEFCRI","NCRMP",2016,"Broward-Miami","3061",25.96068,-80.1022,"INNR0","LIRI","0",18.6,"Old"
"SEFCRI","NCRMP",2016,"Broward-Miami","3064",25.86882,-80.10455,"INNR0","LIRI","0",36.6666666666667,"Old"
"SEFCRI","NCRMP",2016,"Broward-Miami","3066",25.85471667,-80.09971667,"INNR1","LIRI","0",0,"Old"
"SEFCRI","NCRMP",2016,"Broward-Miami","3066",25.85472,-80.09972,"INNR1","LIRI","0",0.333333333333333,"Old"
"SEFCRI","NCRMP",2016,"Broward-Miami","3067",25.83123,-80.09333,"INNR0","LIRI","0",63.75,"Old"
"SEFCRI","NCRMP",2016,"Broward-Miami","3069",26.21775,-80.08175,"INNR1","LIRI","0",7,"Old"
"SEFCRI","NCRMP",2016,"Broward-Miami","3071",26.04477,-80.09837,"INNR0","LIRI","0",0,"Old"
"SEFCRI","NCRMP",2016,"Broward-Miami","3072",25.99623,-80.10095,"INNR1","LIRI","0",0,"Old"
"SEFCRI","NCRMP",2016,"Broward-Miami","3078",25.92745,-80.09992,"INNR1","LIRI","0",6,"Old"
"SEFCRI","NCRMP",2016,"Broward-Miami","3078",25.92745,-80.09991667,"INNR1","LIRI","0",0,"Old"
"SEFCRI","NCRMP",2016,"Broward-Miami","3083",25.83775,-80.0995,"INNR1","LIRI","0",0.875,"Old"
"SEFCRI","NCRMP",2016,"Broward-Miami","3085",26.23083,-80.06935,"NEAR1","PTCH","0",0,"Old"
"SEFCRI","NCRMP",2016,"Broward-Miami","3089",25.76967,-80.08827,"NEAR0","APRD","0",0,"Old"
"SEFCRI","NCRMP",2016,"Broward-Miami","3091",26.19517,-80.0795,"MIDR0","LIRM","0",0.916666666666667,"Old"
"SEFCRI","NCRMP",2016,"Broward-Miami","3094",26.11138,-80.08658,"MIDR0","LIRM","0",0,"Old"
"SEFCRI","NCRMP",2016,"Broward-Miami","3095",26.0635,-80.09392,"MIDR0","LIRM","0",2.78947368421053,"Old"
"SEFCRI","NCRMP",2016,"Broward-Miami","3097",26.03021667,-80.09455,"MIDR0","LIRM","0",0,"Old"
"SEFCRI","NCRMP",2016,"Broward-Miami","3097",26.03022,-80.09455,"MIDR0","LIRM","0",26.6666666666667,"Old"
"SEFCRI","NCRMP",2016,"Broward-Miami","3099",25.98675,-80.09298,"MIDR0","LIRM","0",2,"Old"
"SEFCRI","NCRMP",2016,"Broward-Miami","3105",25.8614,-80.09255,"MIDR1","LIRM","0",60,"Old"
"SEFCRI","NCRMP",2016,"Broward-Miami","3108",26.23311667,-80.0742,"MIDR1","LIRM","0",0,"Old"
"SEFCRI","NCRMP",2016,"Broward-Miami","3108",26.23312,-80.0742,"MIDR1","LIRM","0",1.42857142857143,"Old"
"SEFCRI","NCRMP",2016,"Broward-Miami","3110",26.14783,-80.08213,"MIDR1","LIRM","0",0,"Old"
"SEFCRI","NCRMP",2016,"Broward-Miami","3115",26.07167,-80.09243,"MIDR1","LIRM","0",20,"Old"
"SEFCRI","NCRMP",2016,"Broward-Miami","3117",26.03328,-80.09428,"MIDR1","LIRM","0",9.8,"Old"
"SEFCRI","NCRMP",2016,"Broward-Miami","3119",26.17467,-80.07573,"OFFR1","LIRO","0",0,"Old"
"SEFCRI","NCRMP",2016,"Broward-Miami","3120",26.09685,-80.08392,"OFFR1","LIRO","0",3.18181818181818,"Old"
"SEFCRI","NCRMP",2016,"Broward-Miami","3124",26.02235,-80.08727,"OFFR1","LIRO","0",2.30769230769231,"Old"
"SEFCRI","NCRMP",2016,"Broward-Miami","3124",26.02235,-80.08726667,"OFFR1","LIRO","0",0,"Old"
"SEFCRI","NCRMP",2016,"Broward-Miami","3127",25.99412,-80.08917,"OFFR0","LIRO","0",0,"Old"
"SEFCRI","NCRMP",2016,"Broward-Miami","3138",26.13005,-80.08028,"OFFR1","LIRO","0",0,"Old"
"SEFCRI","NCRMP",2016,"Broward-Miami","3139",26.09797,-80.08297,"OFFR1","LIRO","0",0,"Old"
"SEFCRI","NCRMP",2016,"Broward-Miami","3140",26.09627,-80.08293,"OFFR1","SPGR","0",0,"Old"
"SEFCRI","NCRMP",2016,"Broward-Miami","3142",26.06533,-80.09283,"OFFR1","SPGR","0",1.66666666666667,"Old"
"SEFCRI","NCRMP",2016,"Broward-Miami","3142",26.06533333,-80.09283333,"OFFR1","SPGR","0",0,"Old"
"SEFCRI","NCRMP",2016,"Broward-Miami","3143",26.05881667,-80.0857,"OFFR1","SPGR","0",0,"Old"
"SEFCRI","NCRMP",2016,"Broward-Miami","3143",26.05882,-80.0857,"OFFR1","SPGR","0",0,"Old"
"SEFCRI","NCRMP",2016,"Broward-Miami","3144",26.05753,-80.08658,"OFFR1","CPDP","0",6,"Old"
"SEFCRI","NCRMP",2016,"Broward-Miami","3150",25.78822,-80.08813,"OFFR1","LIRO","0",4.0625,"Old"
"SEFCRI","NCRMP",2016,"Broward-Miami","3152",26.22498,-80.06967,"OFFR1","APRD","0",10.5555555555556,"Old"
"SEFCRI","NCRMP",2016,"Broward-Miami","3154",26.19408,-80.06995,"OFFR0","APRD","0",17,"Old"
"SEFCRI","NCRMP",2016,"Broward-Miami","3154",26.19408333,-80.06995,"OFFR0","APRD","0",0,"Old"
"SEFCRI","NCRMP",2016,"Broward-Miami","3800",26.19573,-80.07925,"MIDR0","LIRM","0",16.578947368421,"Old"
"SEFCRI","NCRMP",2016,"Deerfield","3160",26.29583,-80.07473,"NEAR0","RGSH","0",0,"Old"
"SEFCRI","NCRMP",2016,"Deerfield","3162",26.3288,-80.0662,"MIDR0","LIRM","0",8.4375,"Old"
"SEFCRI","NCRMP",2016,"Deerfield","3165",26.31065,-80.06547,"MIDR0","LIRM","0",1.11111111111111,"Old"
"SEFCRI","NCRMP",2016,"Deerfield","3167",26.36958,-80.05447,"OFFR1","LIRO","0",1.66666666666667,"Old"
"SEFCRI","NCRMP",2016,"Deerfield","3172",26.33358,-80.05777,"OFFR1","SPGR","0",13.3333333333333,"Old"
"SEFCRI","NCRMP",2016,"Deerfield","3174",26.30063,-80.06013,"OFFR1","SPGR","0",13.8888888888889,"Old"
"SEFCRI","NCRMP",2016,"Deerfield","3174",26.30063333,-80.06013333,"OFFR1","SPGR","0",6.66666666666667,"Old"
"SEFCRI","NCRMP",2016,"Deerfield","3175",26.37747,-80.05298,"OFFR0","APRD","0",0,"Old"
"SEFCRI","NCRMP",2016,"Deerfield","3178",26.28233,-80.06113,"OFFR1","SPGR","0",5.57142857142857,"Old"
"SEFCRI","NCRMP",2016,"Martin","3214",26.99538,-80.06475,"DPRC0","DPRC","0",0,"Old"
"SEFCRI","NCRMP",2016,"Martin","3265",27.12583,-80.13417,"NEAR0","RGSH","0",2.5,"Old"
"SEFCRI","NCRMP",2016,"Martin","3266",27.11625,-80.12892,"NEAR0","CPSH","0",0,"Old"
"SEFCRI","NCRMP",2016,"Martin","3270",27.10708,-80.1235,"NEAR0","RGSH","0",0,"Old"
"SEFCRI","NCRMP",2016,"Martin","3279",27.14025,-80.07192,"DPRC0","RGDP","0",0,"Old"
"SEFCRI","NCRMP",2016,"Martin","3285",26.99538,-80.06475,"DPRC0","RGDP","0",45,"Old"
"SEFCRI","NCRMP",2016,"Martin","3286",27.09083,-80.04242,"DPRC0","RGDP","0",0,"Old"
"SEFCRI","NCRMP",2016,"Martin","3288",27.06622,-80.04387,"DPRC0","RGDP","0",10,"Old"
"SEFCRI","NCRMP",2016,"Martin","3289",27.05635,-80.03387,"DPRC1","RGDP","0",3.33333333333333,"Old"
"SEFCRI","NCRMP",2016,"North Palm Beach","3212",26.74003,-80.03408,"NEAR0","RGSH","0",0,"Old"
"SEFCRI","NCRMP",2016,"North Palm Beach","3217",26.98758,-80.01078,"DPRC0","DPRC","0",0,"Old"
"SEFCRI","NCRMP",2016,"North Palm Beach","3222",26.96173,-80.00253,"DPRC0","DPRC","0",0,"Old"
"SEFCRI","NCRMP",2016,"North Palm Beach","3226",26.94015,-80.0101,"DPRC0","DPRC","0",7.14285714285714,"Old"
"SEFCRI","NCRMP",2016,"North Palm Beach","3229",26.91263,-80.0323,"DPRC0","DPRC","0",0,"Old"
"SEFCRI","NCRMP",2016,"North Palm Beach","3230",26.91148,-80.02475,"DPRC0","DPRC","0",0,"Old"
"SEFCRI","NCRMP",2016,"North Palm Beach","3230",26.91148333,-80.02475,"DPRC0","DPRC","0",0,"Old"
"SEFCRI","NCRMP",2016,"North Palm Beach","3231",26.90467,-80.0296,"DPRC0","DPRC","0",12.5,"Old"
"SEFCRI","NCRMP",2016,"North Palm Beach","3240",26.8628,-80.02373,"DPRC0","DPRC","0",0,"Old"
"SEFCRI","NCRMP",2016,"North Palm Beach","3250",26.74183,-80.00923,"DPRC0","DPRC","0",0,"Old"
"SEFCRI","NCRMP",2016,"North Palm Beach","3254",26.91433,-80.0115,"DPRC1","DPRC","0",5.58823529411765,"Old"
"SEFCRI","NCRMP",2016,"North Palm Beach","3254",26.91433333,-80.0115,"DPRC1","DPRC","0",1.66666666666667,"Old"
"SEFCRI","NCRMP",2016,"North Palm Beach","3257",26.86488,-80.01723,"DPRC1","DPRC","0",16.6666666666667,"Old"
"SEFCRI","NCRMP",2016,"North Palm Beach","3259",26.83283,-80.0172,"DPRC1","DPRC","0",2.5,"Old"
"SEFCRI","NCRMP",2016,"North Palm Beach","3261",26.76882,-80.01273,"DPRC1","DPRC","0",21.6666666666667,"Old"
"SEFCRI","NCRMP",2016,"North Palm Beach","3262",26.77115,-80.01158,"DPRC1","DPRC","0",30,"Old"
"SEFCRI","NCRMP",2016,"North Palm Beach","3280",26.99275,-80.01537,"DPRC0","RGDP","0",0,"Old"
"SEFCRI","NCRMP",2016,"North Palm Beach","3624",26.86822,-80.01325,"DPRC0","DPRC","0",0.714285714285714,"Old"
"SEFCRI","NCRMP",2016,"North Palm Beach","3635",26.83075,-80.00008,"DPRC0","DPRC","0",0.714285714285714,"Old"
"SEFCRI","NCRMP",2016,"South Palm Beach","3185",26.55987,-80.0273,"NEAR0","APRD","0",1.5,"Old"
"SEFCRI","NCRMP",2016,"South Palm Beach","3186",26.55917,-80.0285,"NEAR0","APRD","0",50,"Old"
"SEFCRI","NCRMP",2016,"South Palm Beach","3189",26.67643,-80.01633,"OFFR0","RGDP","0",0,"Old"
"SEFCRI","NCRMP",2016,"South Palm Beach","3194",26.48482,-80.0405,"OFFR1","LIRO","0",0.375,"Old"
"SEFCRI","NCRMP",2016,"South Palm Beach","3195",26.41563,-80.0505,"OFFR1","LIRO","0",0,"Old"
"SEFCRI","NCRMP",2016,"South Palm Beach","3199",26.5862,-80.02448,"OFFR1","RGDP","0",0.625,"Old"
"SEFCRI","NCRMP",2016,"South Palm Beach","3203",26.50883,-80.03383,"OFFR1","CPDP","0",3.21428571428571,"Old"
"SEFCRI","NCRMP",2016,"South Palm Beach","3203",26.50883333,-80.03383333,"OFFR1","CPDP","0",0,"Old"
"SEFCRI","NCRMP",2016,"South Palm Beach","3206",26.40071667,-80.05091667,"OFFR1","SPGR","0",0,"Old"
"SEFCRI","NCRMP",2016,"South Palm Beach","3206",26.40072,-80.05092,"OFFR1","SPGR","0",8.7,"Old"
"SEFCRI","NCRMP",2016,"South Palm Beach","3207",26.56608,-80.0255,"OFFR1","RGDP","0",0.555555555555556,"Old"
"SEFCRI","NCRMP",2016,"South Palm Beach","3210",26.43697,-80.04603,"OFFR1","APRD","0",24.1666666666667,"Old"
"SEFCRI","NCRMP",2018,"Broward-Miami","3053",25.842734,-80.104184,"INNR0","LIRI","0",6.55555555555556,"Old"
"SEFCRI","NCRMP",2018,"Broward-Miami","3059",25.9539333,-80.10025,"INNR0","LIRI","0",2,"Old"
"SEFCRI","NCRMP",2018,"Broward-Miami","3062",25.97675,-80.0999667,"INNR0","LIRI","0",13,"Old"
"SEFCRI","NCRMP",2018,"Broward-Miami","3063",25.852599,-80.099801,"INNR1","LIRI","0",4.42857142857143,"Old"
"SEFCRI","NCRMP",2018,"Broward-Miami","3066",26.0106667,-80.1010833,"INNR1","LIRI","0",7.6,"Old"
"SEFCRI","NCRMP",2018,"Broward-Miami","3067",25.9570667,-80.0999333,"NEAR1","CPSH","0",4.75,"Old"
"SEFCRI","NCRMP",2018,"Broward-Miami","3077",25.87379,-80.100493,"INNR1","LIRI","0",6.72727272727273,"Old"
"SEFCRI","NCRMP",2018,"Broward-Miami","3079",26.0906167,-80.09555,"INNR1","LIRI","0",21.6666666666667,"Old"
"SEFCRI","NCRMP",2018,"Broward-Miami","3085",25.9054,-80.09075,"MIDR0","LIRM","0",16.6,"Old"
"SEFCRI","NCRMP",2018,"Broward-Miami","3096",26.2103,-80.0783333,"MIDR0","LIRM","0",10.7142857142857,"Old"
"SEFCRI","NCRMP",2018,"Broward-Miami","3097",25.82206,-80.091247,"MIDR0","LIRM","0",1.5,"Old"
"SEFCRI","NCRMP",2018,"Broward-Miami","3109",25.876977,-80.092436,"MIDR1","LIRM","0",4.66666666666667,"Old"
"SEFCRI","NCRMP",2018,"Broward-Miami","3110",25.871592,-80.092463,"MIDR1","LIRM","0",5.3125,"Old"
"SEFCRI","NCRMP",2018,"Broward-Miami","3117",25.7993833,-80.09264,"MIDR1","LIRM","0",9.44444444444444,"Old"
"SEFCRI","NCRMP",2018,"Broward-Miami","3136",25.888696,-80.107344,"NEAR0","RGSH","0",16.5454545454545,"Old"
"SEFCRI","NCRMP",2018,"Broward-Miami","3155",26.1650167,-80.0934667,"NEAR1","RGSH","0",8.125,"Old"
"SEFCRI","NCRMP",2018,"Broward-Miami","3179",26.0435667,-80.1061333,"NEAR1","RGSH","0",1,"Old"
"SEFCRI","NCRMP",2018,"Broward-Miami","3180",26.1717833,-80.0886667,"NEAR1","RGSH","0",47.5,"Old"
"SEFCRI","NCRMP",2018,"Broward-Miami","3202",26.0105667,-80.0885667,"OFFR1","CPDP","0",1,"Old"
"SEFCRI","NCRMP",2018,"Broward-Miami","3230",26.12655,-80.0805,"OFFR1","LIRO","0",10.5,"Old"
"SEFCRI","NCRMP",2018,"Broward-Miami","3231",25.9273,-80.0877333,"OFFR1","SPGR","0",27.6818181818182,"Old"
"SEFCRI","NCRMP",2018,"Broward-Miami","3240",26.00312,-80.08755,"OFFR1","LIRO","0",27.6923076923077,"Old"
"SEFCRI","NCRMP",2018,"Broward-Miami","3241",26.2376667,-80.0658333,"OFFR1","SPGR","0",22.4545454545455,"Old"
"SEFCRI","NCRMP",2018,"Broward-Miami","3242",25.9605833,-80.0887667,"OFFR1","SPGR","0",18.5714285714286,"Old"
"SEFCRI","NCRMP",2018,"Broward-Miami","3243",25.809138,-80.08841,"OFFR0","LIRO","0",11.25,"Old"
"SEFCRI","NCRMP",2018,"Broward-Miami","3263",25.9626167,-80.0889167,"NEAR1","APRD","0",40,"Old"
"SEFCRI","NCRMP",2018,"Broward-Miami","3266",26.1414333,-80.0773667,"OFFR1","APRD","0",25,"Old"
"SEFCRI","NCRMP",2018,"Broward-Miami","3272",25.771581,-80.08817,"OFFR0","LIRO","0",3.61111111111111,"Old"
"SEFCRI","NCRMP",2018,"Broward-Miami","3278",25.7704333,-80.0876333,"NEAR0","APRD","0",3.33333333333333,"Old"
"SEFCRI","NCRMP",2018,"Broward-Miami","3901",25.97665,-80.0998,"INNR0","LIRI","0",10.6315789473684,"Old"
"SEFCRI","NCRMP",2018,"Broward-Miami","3903",26.2100667,-80.0788333,"NEAR0","CPSH","0",12.5,"Old"
"SEFCRI","NCRMP",2018,"Broward-Miami","3904",26.0107667,-80.1013167,"INNR1","LIRI","0",17.4736842105263,"Old"
"SEFCRI","NCRMP",2018,"Broward-Miami","3905",26.1725833,-80.0886667,"NEAR1","RGSH","0",9.125,"Old"
"SEFCRI","NCRMP",2018,"Deerfield","3103",26.31625,-80.06525,"MIDR0","LIRM","0",14.6428571428571,"Old"
"SEFCRI","NCRMP",2018,"Deerfield","3122",26.2636667,-80.0705,"MIDR1","LIRM","0",4.23529411764706,"Old"
"SEFCRI","NCRMP",2018,"Deerfield","3213",26.3774833,-80.0539167,"OFFR0","LIRO","0",28.1333333333333,"Old"
"SEFCRI","NCRMP",2018,"Deerfield","3245",26.2818667,-80.0620667,"OFFR1","LIRO","0",28.375,"Old"
"SEFCRI","NCRMP",2018,"Deerfield","3246",26.33585,-80.0586833,"OFFR1","CPDP","0",38.5714285714286,"Old"
"SEFCRI","NCRMP",2018,"Deerfield","3247",26.29145,-80.0618333,"OFFR1","LIRO","0",1.5,"Old"
"SEFCRI","NCRMP",2018,"Deerfield","3258",26.3045333,-80.0593667,"OFFR1","LIRO","0",4.76923076923077,"Old"
"SEFCRI","NCRMP",2018,"Deerfield","3268",26.2696,-80.0617667,"OFFR1","APRD","0",15,"Old"
"SEFCRI","NCRMP",2018,"North Palm Beach","3001",26.89381,-80.00212,"DPRC0","DPRC","0",8,"Old"
"SEFCRI","NCRMP",2018,"North Palm Beach","3002",26.94493,-80.01036,"DPRC0","DPRC","0",2.5,"Old"
"SEFCRI","NCRMP",2018,"North Palm Beach","3006",26.93368,-80.01308,"DPRC0","DPRC","0",16.1666666666667,"Old"
"SEFCRI","NCRMP",2018,"North Palm Beach","3008",26.85591,-80.00946,"DPRC0","DPRC","0",12.5,"Old"
"SEFCRI","NCRMP",2018,"North Palm Beach","3016",26.72454,-80.01262,"DPRC0","DPRC","0",7.85714285714286,"Old"
"SEFCRI","NCRMP",2018,"North Palm Beach","3018",26.90501,-80.01283,"DPRC0","DPRC","0",10.75,"Old"
"SEFCRI","NCRMP",2018,"North Palm Beach","3024",26.82249,-80.01122,"DPRC0","DPRC","0",0,"Old"
"SEFCRI","NCRMP",2018,"North Palm Beach","3025",26.9116,-80.00083,"DPRC0","DPRC","0",0,"Old"
"SEFCRI","NCRMP",2018,"North Palm Beach","3033",26.92659,-80.03072,"DPRC0","DPRC","0",2.5,"Old"
"SEFCRI","NCRMP",2018,"North Palm Beach","3039",26.93588,-80.01426,"DPRC0","DPRC","0",7.5,"Old"
"SEFCRI","NCRMP",2018,"North Palm Beach","3043",26.90096,-80.01666,"DPRC1","DPRC","0",11.6666666666667,"Old"
"SEFCRI","NCRMP",2018,"North Palm Beach","3046",26.77813,-80.01407,"DPRC1","DPRC","0",0,"Old"
"SEFCRI","NCRMP",2018,"North Palm Beach","3047",26.8398,-80.01633,"DPRC1","DPRC","0",10.8333333333333,"Old"
"SEFCRI","NCRMP",2018,"North Palm Beach","3048",26.7496,-80.01584,"DPRC1","DPRC","0",8.6,"Old"
"SEFCRI","NCRMP",2018,"North Palm Beach","3049",26.83346,-80.01705,"DPRC1","DPRC","0",35,"Old"
"SEFCRI","NCRMP",2018,"North Palm Beach","3050",26.81686,-80.00383,"DPRC1","DPRC","0",10.8333333333333,"Old"
"SEFCRI","NCRMP",2018,"North Palm Beach","3262",26.82563,-80.01651,"DPRC0","DPRC","0",0,"Old"
"SEFCRI","NCRMP",2018,"North Palm Beach","3285",26.72299,-80.01913,"NEAR1","PTCH","0",16.7647058823529,"Old"
"SEFCRI","NCRMP",2018,"North Palm Beach","3545",26.74408,-80.013,"DPRC1","DPRC","0",21.5641025641026,"Old"
"SEFCRI","NCRMP",2018,"South Palm Beach","3219",26.69196,-80.01848,"OFFR0","LIRO","0",16.2222222222222,"Old"
"SEFCRI","NCRMP",2018,"South Palm Beach","3222",26.68975,-80.01574,"OFFR1","SPGR","0",35.625,"Old"
"SEFCRI","NCRMP",2018,"South Palm Beach","3248",26.58626,-80.02315,"OFFR1","RGDP","0",0,"Old"
"SEFCRI","NCRMP",2018,"South Palm Beach","3250",26.5291667,-80.0297833,"OFFR1","RGDP","0",11.3888888888889,"Old"
"SEFCRI","NCRMP",2018,"South Palm Beach","3252",26.5254167,-80.0316333,"OFFR1","LIRO","0",45.7142857142857,"Old"
"SEFCRI","NCRMP",2018,"South Palm Beach","3253",26.49137,-80.03738,"OFFR1","LIRO","0",20.4545454545455,"Old"
"SEFCRI","NCRMP",2018,"South Palm Beach","3254",26.5244,-80.0326833,"OFFR1","LIRO","0",75,"Old"
"SEFCRI","NCRMP",2018,"South Palm Beach","3997",26.52479,-80.03232,"OFFR1","LIRO","0",17.1428571428571,"Old"
"SEFCRI","NCRMP",2018,"South Palm Beach","3998",26.52624,-80.03143,"OFFR1","LIRO","0",8.52941176470588,"Old"
"SEFCRI","NCRMP",2018,"South Palm Beach","3999",26.52958,-80.02894,"OFFR1","RGDP","0",7.85714285714286,"Old"
"SEFCRI","NCRMP",2020,"Broward-Miami","3084",26.07834,-80.09742,"INNR0","LIRI","0",0,"Old"
"SEFCRI","NCRMP",2020,"Broward-Miami","3085",26.14122,-80.08893,"INNR0","LIRI","0",5,"Old"
"SEFCRI","NCRMP",2020,"Broward-Miami","3090",25.98841,-80.10001,"INNR0","LIRI","0",0.833333333333333,"Old"
"SEFCRI","NCRMP",2020,"Broward-Miami","3093",26.00162,-80.10095,"INNR0","LIRI","0",11.6666666666667,"Old"
"SEFCRI","NCRMP",2020,"Broward-Miami","3095",26.17329,-80.08719,"INNR0","LIRI","0",6.47058823529412,"Old"
"SEFCRI","NCRMP",2020,"Broward-Miami","3099",26.05179,-80.09861,"INNR1","LIRI","0",13.8461538461538,"Old"
"SEFCRI","NCRMP",2020,"Broward-Miami","3101",25.93218,-80.10018,"INNR1","LIRI","0",1.57894736842105,"Old"
"SEFCRI","NCRMP",2020,"Broward-Miami","3103",26.16443,-80.08821,"INNR0","LIRI","0",2.38095238095238,"Old"
"SEFCRI","NCRMP",2020,"Broward-Miami","3104",26.13356,-80.09121,"INNR1","LIRI","0",0,"Old"
"SEFCRI","NCRMP",2020,"Broward-Miami","3105",26.02155,-80.09907,"INNR0","LIRI","0",0.714285714285714,"Old"
"SEFCRI","NCRMP",2020,"Broward-Miami","3110",25.98065,-80.10263,"INNR1","LIRI","0",14.1428571428571,"Old"
"SEFCRI","NCRMP",2020,"Broward-Miami","3112",25.82567,-80.09768,"INNR1","LIRI","0",0.842105263157895,"Old"
"SEFCRI","NCRMP",2020,"Broward-Miami","3114",26.05727,-80.09356,"MIDR0","LIRM","0",3.125,"Old"
"SEFCRI","NCRMP",2020,"Broward-Miami","3116",26.00836,-80.09753,"MIDR0","LIRM","0",62.5,"Old"
"SEFCRI","NCRMP",2020,"Broward-Miami","3118",26.00913,-80.09522,"MIDR1","LIRM","0",9.72222222222222,"Old"
"SEFCRI","NCRMP",2020,"Broward-Miami","3121",25.90806,-80.09175,"MIDR1","LIRM","0",14.0909090909091,"Old"
"SEFCRI","NCRMP",2020,"Broward-Miami","3125",25.85675,-80.09213,"MIDR1","LIRM","0",9.72727272727273,"Old"
"SEFCRI","NCRMP",2020,"Broward-Miami","3126",26.2193,-80.07658,"MIDR1","LIRM","0",12.7777777777778,"Old"
"SEFCRI","NCRMP",2020,"Broward-Miami","3128",26.03687,-80.09375,"MIDR1","LIRM","0",2.72727272727273,"Old"
"SEFCRI","NCRMP",2020,"Broward-Miami","3130",26.25674,-80.07183,"MIDR0","LIRM","0",5,"Old"
"SEFCRI","NCRMP",2020,"Broward-Miami","3133",25.85365,-80.1076,"NEAR0","RGSH","0",14,"Old"
"SEFCRI","NCRMP",2020,"Broward-Miami","3135",26.07607,-80.10823,"NEAR0","CPSH","0",17.5,"Old"
"SEFCRI","NCRMP",2020,"Broward-Miami","3137",25.95019,-80.10929,"NEAR0","RGSH","0",0,"Old"
"SEFCRI","NCRMP",2020,"Broward-Miami","3138",25.95143,-80.11022,"NEAR0","RGSH","0",25.7,"Old"
"SEFCRI","NCRMP",2020,"Broward-Miami","3143",26.14837,-80.09889,"NEAR0","CPSH","0",15,"Old"
"SEFCRI","NCRMP",2020,"Broward-Miami","3148",25.88483,-80.10883,"NEAR0","RGSH","0",16.8333333333333,"Old"
"SEFCRI","NCRMP",2020,"Broward-Miami","3150",26.13532,-80.09395,"NEAR0","CPSH","0",14.8461538461538,"Old"
"SEFCRI","NCRMP",2020,"Broward-Miami","3152",25.79497,-80.1125,"NEAR0","RGSH","0",15.1666666666667,"Old"
"SEFCRI","NCRMP",2020,"Broward-Miami","3153",25.8648,-80.11048,"NEAR0","RGSH","0",12.125,"Old"
"SEFCRI","NCRMP",2020,"Broward-Miami","3155",26.13231,-80.097,"NEAR0","CPSH","0",5.5,"Old"
"SEFCRI","NCRMP",2020,"Broward-Miami","3157",26.24319,-80.07852,"NEAR0","CPSH","0",11,"Old"
"SEFCRI","NCRMP",2020,"Broward-Miami","3159",25.90523,-80.10944,"NEAR0","RGSH","0",18.75,"Old"
"SEFCRI","NCRMP",2020,"Broward-Miami","3164",26.05764,-80.10406,"NEAR0","CPSH","0",0.625,"Old"
"SEFCRI","NCRMP",2020,"Broward-Miami","3166",25.78772,-80.10754,"NEAR0","RGSH","0",11.25,"Old"
"SEFCRI","NCRMP",2020,"Broward-Miami","3169",25.99273,-80.11152,"NEAR0","CPSH","0",20.3333333333333,"Old"
"SEFCRI","NCRMP",2020,"Broward-Miami","3172",26.11545,-80.10254,"NEAR0","CPSH","0",11.4285714285714,"Old"
"SEFCRI","NCRMP",2020,"Broward-Miami","3174",25.79528,-80.09958,"NEAR0","RGSH","0",21.6666666666667,"Old"
"SEFCRI","NCRMP",2020,"Broward-Miami","3177",26.08596,-80.104,"NEAR0","RGSH","0",1,"Old"
"SEFCRI","NCRMP",2020,"Broward-Miami","3178",25.8929,-80.11713,"NEAR0","CPSH","0",50,"Old"
"SEFCRI","NCRMP",2020,"Broward-Miami","3180",26.15339,-80.09636,"NEAR0","CPSH","0",30.4444444444444,"Old"
"SEFCRI","NCRMP",2020,"Broward-Miami","3184",26.21691,-80.08631,"NEAR0","RGSH","0",30,"Old"
"SEFCRI","NCRMP",2020,"Broward-Miami","3203",26.18526,-80.08789,"NEAR1","RGSH","0",14.2727272727273,"Old"
"SEFCRI","NCRMP",2020,"Broward-Miami","3204",26.15201,-80.09575,"NEAR1","CPSH","0",7.5,"Old"
"SEFCRI","NCRMP",2020,"Broward-Miami","3213",25.77608,-80.0894,"OFFR1","LIRO","0",1.5,"Old"
"SEFCRI","NCRMP",2020,"Broward-Miami","3231",26.03181,-80.08541,"OFFR0","RGDP","0",9.8,"Old"
"SEFCRI","NCRMP",2020,"Broward-Miami","3258",26.21614,-80.06993,"OFFR1","SPGR","0",15,"Old"
"SEFCRI","NCRMP",2020,"Broward-Miami","3259",26.14554,-80.07872,"OFFR1","LIRO","0",1.25,"Old"
"SEFCRI","NCRMP",2020,"Broward-Miami","3268",26.02858,-80.08759,"OFFR1","LIRO","0",2.70588235294118,"Old"
"SEFCRI","NCRMP",2020,"Broward-Miami","3270",25.88355,-80.08812,"OFFR1","SPGR","0",18.6111111111111,"Old"
"SEFCRI","NCRMP",2020,"Broward-Miami","3280",26.23015,-80.07005,"PTSH2","PTCH","0",0,"Old"
"SEFCRI","NCRMP",2020,"Broward-Miami","3305",26.0979,-80.08206,"PTDP1","APRD","0",0.384615384615385,"Old"
"SEFCRI","NCRMP",2020,"Broward-Miami","3306",26.02572,-80.08653,"OFFR1","SPGR","0",1,"Old"
"SEFCRI","NCRMP",2020,"Broward-Miami","3315",26.19731,-80.07003,"OFFR1","SPGR","0",18.5714285714286,"Old"
"SEFCRI","NCRMP",2020,"Broward-Miami","3316",26.07656,-80.08384,"PTDP1","APRD","0",5.52631578947368,"Old"
"SEFCRI","NCRMP",2020,"Broward-Miami","3324",26.17361,-80.08176,"MIDR0","LIRM","0",45,"Old"
"SEFCRI","NCRMP",2020,"Broward-Miami","3325",25.77732,-80.09512,"PTSH2","APRS","0",7.1875,"Old"
"SEFCRI","NCRMP",2020,"Deerfield","3123",26.32118,-80.06665,"MIDR0","LIRM","0",0,"Old"
"SEFCRI","NCRMP",2020,"Deerfield","3124",26.29147,-80.06867,"MIDR0","LIRM","0",19.5555555555556,"Old"
"SEFCRI","NCRMP",2020,"Deerfield","3131",26.26898,-80.06989,"MIDR1","LIRM","0",12,"Old"
"SEFCRI","NCRMP",2020,"Deerfield","3132",26.27364,-80.07076,"MIDR1","LIRM","0",17.3,"Old"
"SEFCRI","NCRMP",2020,"Deerfield","3190",26.31358,-80.07333,"NEAR0","RGSH","0",5,"Old"
"SEFCRI","NCRMP",2020,"Deerfield","3235",26.35883,-80.05502,"OFFR0","LIRO","0",3.63636363636364,"Old"
"SEFCRI","NCRMP",2020,"Deerfield","3237",26.348993,-80.054827,"OFFR1","SPGR","0",6.42857142857143,"Old"
"SEFCRI","NCRMP",2020,"Deerfield","3282",26.38062,-80.05294,"OFFR1","SPGR","0",2.5,"Old"
"SEFCRI","NCRMP",2020,"Deerfield","3288",26.36341,-80.05502,"OFFR1","LIRO","0",3.33333333333333,"Old"
"SEFCRI","NCRMP",2020,"Deerfield","3307",26.31061,-80.05805,"PTDP1","APRD","0",0.714285714285714,"Old"
"SEFCRI","NCRMP",2020,"Deerfield","3308",26.2962,-80.05993,"PTDP1","APRD","0",9.5,"Old"
"SEFCRI","NCRMP",2020,"Deerfield","3317",26.32301,-80.05749,"PTDP1","APRD","0",12.1333333333333,"Old"
"SEFCRI","NCRMP",2020,"Deerfield","3318",26.29707,-80.06017,"OFFR1","SPGR","0",10,"Old"
"SEFCRI","NCRMP",2020,"North Palm Beach","3005",26.86143,-80.00924,"DPRC0","DPRC","0",5,"Old"
"SEFCRI","NCRMP",2020,"North Palm Beach","3011",26.91531,-80.00703,"DPRC0","DPRC","0",21,"Old"
"SEFCRI","NCRMP",2020,"North Palm Beach","3016",26.88369,-80.02863,"DPRC0","DPRC","0",3.83333333333333,"Old"
"SEFCRI","NCRMP",2020,"North Palm Beach","3067",26.87656,-80.00983,"DPRC0","DPRC","0",3.75,"Old"
"SEFCRI","NCRMP",2020,"North Palm Beach","3073",26.78235,-80.01356,"DPRC0","DPRC","0",0,"Old"
"SEFCRI","NCRMP",2020,"North Palm Beach","3193",26.73171,-80.03352,"NEAR0","RGSH","0",3.33333333333333,"Old"
"SEFCRI","NCRMP",2020,"North Palm Beach","3206",26.71745,-80.03094,"NEAR1","RGSH","0",16.6666666666667,"Old"
"SEFCRI","NCRMP",2020,"North Palm Beach","3208",26.72291,-80.02946,"NEAR1","CPSH","0",1,"Old"
"SEFCRI","NCRMP",2020,"North Palm Beach","3303",26.73196,-80.01552,"OFFR1","CPDP","0",17,"Old"
"SEFCRI","NCRMP",2020,"North Palm Beach","3311",26.72369,-80.01758,"PTDP0","PTCH","0",5.71428571428571,"Old"
"SEFCRI","NCRMP",2020,"North Palm Beach","3321",26.82497,-80.01673,"PTDP1","PTCH","0",0,"Old"
"SEFCRI","NCRMP",2020,"North Palm Beach","3329",26.72553,-80.01795,"PTSH2","PTCH","0",17.1666666666667,"Old"
"SEFCRI","NCRMP",2020,"North Palm Beach","3330",26.72276,-80.01919,"PTSH2","PTCH","0",2.5,"Old"
"SEFCRI","NCRMP",2020,"South Palm Beach","3191",26.71091,-80.02969,"NEAR0","RGSH","0",2.8,"Old"
"SEFCRI","NCRMP",2020,"South Palm Beach","3248",26.46152,-80.04512,"OFFR0","LIRO","0",2.5,"Old"
"SEFCRI","NCRMP",2020,"South Palm Beach","3252",26.41209,-80.05093,"OFFR0","LIRO","0",6.42857142857143,"Old"
"SEFCRI","NCRMP",2020,"South Palm Beach","3297",26.64608,-80.01903,"OFFR1","LIRO","0",10,"Old"
"SEFCRI","NCRMP",2020,"South Palm Beach","3299",26.52201,-80.03192,"OFFR1","LIRO","0",6,"Old"
"SEFCRI","NCRMP",2020,"South Palm Beach","3320",26.43035,-80.04685,"OFFR1","SPGR","0",18.2,"Old"
"SEFCRI","NCRMP",2020,"South Palm Beach","3327",26.57178,-80.02628,"PTSH2","APRD","0",2.5,"Old"
"SEFCRI","NCRMP",2020,"South Palm Beach","3328",26.52596,-80.03536,"PTSH2","PTCH","0",1,"Old"
"SEFCRI","NCRMP",2022,"Broward-Miami","3039",25.94568,-80.10238,"INNR0","LIRI","0",0,"Old"
"SEFCRI","NCRMP",2022,"Broward-Miami","3047",25.94491,-80.10333,"INNR0","LIRI","0",0,"Old"
"SEFCRI","NCRMP",2022,"Broward-Miami","3050",26.10573,-80.09266,"INNR0","LIRI","0",0,"Old"
"SEFCRI","NCRMP",2022,"Broward-Miami","3053",26.11593,-80.09192,"INNR1","LIRI","0",3.125,"Old"
"SEFCRI","NCRMP",2022,"Broward-Miami","3057",25.86087,-80.0996,"INNR1","LIRI","0",1.36842105263158,"Old"
"SEFCRI","NCRMP",2022,"Broward-Miami","3058",26.004,-80.10053,"INNR1","LIRI","0",0,"Old"
"SEFCRI","NCRMP",2022,"Broward-Miami","3060",26.17592,-80.08735,"INNR1","LIRI","0",0.952380952380952,"Old"
"SEFCRI","NCRMP",2022,"Broward-Miami","3063",26.02731,-80.09976,"INNR1","LIRI","0",2.19230769230769,"Old"
"SEFCRI","NCRMP",2022,"Broward-Miami","3064",26.12073,-80.0934,"INNR1","LIRI","0",5.33333333333333,"Old"
"SEFCRI","NCRMP",2022,"Broward-Miami","3065",25.86444,-80.09903,"INNR1","LIRI","0",0,"Old"
"SEFCRI","NCRMP",2022,"Broward-Miami","3066",25.88817,-80.10082,"INNR1","LIRI","0",2.63157894736842,"Old"
"SEFCRI","NCRMP",2022,"Broward-Miami","3071",25.98997,-80.10258,"INNR1","LIRI","0",11.75,"Old"
"SEFCRI","NCRMP",2022,"Broward-Miami","3074",25.89657,-80.10129,"INNR1","LIRI","0",2.55172413793103,"Old"
"SEFCRI","NCRMP",2022,"Broward-Miami","3075",25.85495,-80.10561,"INNR1","LIRI","0",6.89473684210526,"Old"
"SEFCRI","NCRMP",2022,"Broward-Miami","3076",25.88884,-80.10183,"INNR1","LIRI","0",7.41935483870968,"Old"
"SEFCRI","NCRMP",2022,"Broward-Miami","3078",26.00755,-80.10138,"INNR1","LIRI","0",3.25,"Old"
"SEFCRI","NCRMP",2022,"Broward-Miami","3085",26.2212,-80.07683,"MIDR0","LIRM","0",0,"Old"
"SEFCRI","NCRMP",2022,"Broward-Miami","3088",26.218,-80.07718,"MIDR1","LIRM","0",0,"Old"
"SEFCRI","NCRMP",2022,"Broward-Miami","3094",26.00884,-80.09607,"MIDR0","LIRM","0",6.15384615384615,"Old"
"SEFCRI","NCRMP",2022,"Broward-Miami","3097",26.09184,-80.08926,"MIDR1","LIRM","0",10,"Old"
"SEFCRI","NCRMP",2022,"Broward-Miami","3101",26.12539,-80.0867,"MIDR0","LIRM","0",0,"Old"
"SEFCRI","NCRMP",2022,"Broward-Miami","3108",26.05062,-80.09249,"MIDR1","LIRM","0",0,"Old"
"SEFCRI","NCRMP",2022,"Broward-Miami","3109",26.16819,-80.08022,"MIDR1","LIRM","0",13.6363636363636,"Old"
"SEFCRI","NCRMP",2022,"Broward-Miami","3110",26.10809,-80.08654,"MIDR1","LIRM","0",1.42857142857143,"Old"
"SEFCRI","NCRMP",2022,"Broward-Miami","3111",26.03776,-80.09416,"MIDR1","LIRM","0",15.5,"Old"
"SEFCRI","NCRMP",2022,"Broward-Miami","3114",26.07019,-80.09157,"MIDR1","LIRM","0",10,"Old"
"SEFCRI","NCRMP",2022,"Broward-Miami","3118",25.86034,-80.09256,"MIDR1","LIRM","0",1.25,"Old"
"SEFCRI","NCRMP",2022,"Broward-Miami","3119",25.99075,-80.09576,"MIDR1","LIRM","0",0,"Old"
"SEFCRI","NCRMP",2022,"Broward-Miami","3127",26.01937,-80.10492,"NEAR0","CPSH","0",2.33333333333333,"Old"
"SEFCRI","NCRMP",2022,"Broward-Miami","3129",25.77093,-80.11089,"NEAR0","RGSH","0",15,"Old"
"SEFCRI","NCRMP",2022,"Broward-Miami","3131",25.78726,-80.10712,"NEAR0","RGSH","0",8.81818181818182,"Old"
"SEFCRI","NCRMP",2022,"Broward-Miami","3134",25.79527,-80.09959,"NEAR0","RGSH","0",10.5789473684211,"Old"
"SEFCRI","NCRMP",2022,"Broward-Miami","3136",26.06536,-80.10109,"NEAR0","CPSH","0",5.78947368421053,"Old"
"SEFCRI","NCRMP",2022,"Broward-Miami","3137",26.23938,-80.08021,"NEAR0","CPSH","0",0,"Old"
"SEFCRI","NCRMP",2022,"Broward-Miami","3138",25.81166,-80.10945,"NEAR0","RGSH","0",7.75,"Old"
"SEFCRI","NCRMP",2022,"Broward-Miami","3139",26.0636,-80.10253,"NEAR0","CPSH","0",8,"Old"
"SEFCRI","NCRMP",2022,"Broward-Miami","3140",25.78676,-80.10266,"NEAR0","RGSH","0",5.36363636363636,"Old"
"SEFCRI","NCRMP",2022,"Broward-Miami","3141",26.10659,-80.09609,"NEAR0","CPSH","0",11,"Old"
"SEFCRI","NCRMP",2022,"Broward-Miami","3143",25.91446,-80.11536,"NEAR0","CPSH","0",0,"Old"
"SEFCRI","NCRMP",2022,"Broward-Miami","3144",26.22167,-80.0862,"NEAR0","CPSH","0",18,"Old"
"SEFCRI","NCRMP",2022,"Broward-Miami","3145",26.03351,-80.10951,"NEAR0","CPSH","0",1.25,"Old"
"SEFCRI","NCRMP",2022,"Broward-Miami","3146",26.20287,-80.08798,"NEAR0","RGSH","0",0,"Old"
"SEFCRI","NCRMP",2022,"Broward-Miami","3147",26.19947,-80.08411,"NEAR0","CPSH","0",0,"Old"
"SEFCRI","NCRMP",2022,"Broward-Miami","3148",25.80032,-80.10799,"NEAR0","RGSH","0",0,"Old"
"SEFCRI","NCRMP",2022,"Broward-Miami","3149",25.89924,-80.10575,"NEAR0","RGSH","0",12.7777777777778,"Old"
"SEFCRI","NCRMP",2022,"Broward-Miami","3150",25.91334,-80.10215,"NEAR0","CPSH","0",14.4444444444444,"Old"
"SEFCRI","NCRMP",2022,"Broward-Miami","3175",25.93717,-80.11099,"NEAR1","RGSH","0",10,"Old"
"SEFCRI","NCRMP",2022,"Broward-Miami","3188",25.83463,-80.089,"OFFR1","LIRO","0",11.8181818181818,"Old"
"SEFCRI","NCRMP",2022,"Broward-Miami","3189",26.02401,-80.08717,"OFFR1","SPGR","0",0,"Old"
"SEFCRI","NCRMP",2022,"Broward-Miami","3191",25.86371,-80.08844,"OFFR1","LIRO","0",0,"Old"
"SEFCRI","NCRMP",2022,"Broward-Miami","3192",25.8154,-80.09023,"OFFR1","CPDP","0",7.1,"Old"
"SEFCRI","NCRMP",2022,"Broward-Miami","3193",25.97243,-80.08979,"OFFR1","LIRO","0",0,"Old"
"SEFCRI","NCRMP",2022,"Broward-Miami","3197",25.99696,-80.08924,"OFFR1","LIRO","0",0,"Old"
"SEFCRI","NCRMP",2022,"Broward-Miami","3200",26.25029,-80.06647,"OFFR0","CPDP","0",6,"Old"
"SEFCRI","NCRMP",2022,"Broward-Miami","3201",26.01376,-80.09046,"OFFR1","SPGR","0",0,"Old"
"SEFCRI","NCRMP",2022,"Broward-Miami","3219",26.00233,-80.08855,"OFFR1","LIRO","0",0,"Old"
"SEFCRI","NCRMP",2022,"Broward-Miami","3220",26.22934,-80.06863,"OFFR1","SPGR","0",7.77777777777778,"Old"
"SEFCRI","NCRMP",2022,"Broward-Miami","3223",26.19163,-80.07142,"OFFR1","LIRO","0",0,"Old"
"SEFCRI","NCRMP",2022,"Broward-Miami","3224",26.02718,-80.08709,"OFFR1","LIRO","0",9,"Old"
"SEFCRI","NCRMP",2022,"Broward-Miami","3225",26.16651,-80.07631,"OFFR1","SPGR","0",5,"Old"
"SEFCRI","NCRMP",2022,"Broward-Miami","3229",25.87421,-80.08852,"OFFR1","SPGR","0",6.25,"Old"
"SEFCRI","NCRMP",2022,"Broward-Miami","3234",26.15316,-80.07726,"OFFR1","SPGR","0",0,"Old"
"SEFCRI","NCRMP",2022,"Broward-Miami","3257",25.93977,-80.08766,"OFFR1","SPGR","0",11.8181818181818,"Old"
"SEFCRI","NCRMP",2022,"Broward-Miami","3258",26.05856,-80.08502,"OFFR1","SPGR","0",0,"Old"
"SEFCRI","NCRMP",2022,"Broward-Miami","3269",25.78499,-80.08603,"PTDP1","APRD","0",6.75,"Old"
"SEFCRI","NCRMP",2022,"Broward-Miami","3271",25.84458,-80.0865,"OFFR1","SPGR","0",6.85714285714286,"Old"
"SEFCRI","NCRMP",2022,"Broward-Miami","3273",26.20817,-80.06941,"PTDP1","APRD","0",1,"Old"
"SEFCRI","NCRMP",2022,"Broward-Miami","3275",26.12355,-80.07977,"PTDP1","APRD","0",0,"Old"
"SEFCRI","NCRMP",2022,"Broward-Miami","3290",25.8772,-80.1018,"PTSH2","PTCH","0",2.33333333333333,"Old"
"SEFCRI","NCRMP",2022,"Deerfield","3102",26.28607,-80.06953,"MIDR0","LIRM","0",11.25,"Old"
"SEFCRI","NCRMP",2022,"Deerfield","3105",26.37178,-80.06249,"MIDR0","LIRM","0",4.28571428571429,"Old"
"SEFCRI","NCRMP",2022,"Deerfield","3123",26.28094,-80.06922,"MIDR1","LIRM","0",0,"Old"
"SEFCRI","NCRMP",2022,"Deerfield","3203",26.35002,-80.05492,"OFFR1","SPGR","0",0,"Old"
"SEFCRI","NCRMP",2022,"Deerfield","3237",26.33167,-80.05731,"PTDP1","APRD","0",0,"Old"
"SEFCRI","NCRMP",2022,"Deerfield","3239",26.27132,-80.06297,"OFFR1","SPGR","0",16.6666666666667,"Old"
"SEFCRI","NCRMP",2022,"Deerfield","3259",26.2847,-80.06101,"OFFR1","SPGR","0",8.33333333333333,"Old"
"SEFCRI","NCRMP",2022,"Deerfield","3260",26.29732,-80.05926,"PTDP1","APRD","0",0.769230769230769,"Old"
"SEFCRI","NCRMP",2022,"Deerfield","3277",26.3531,-80.05419,"PTDP1","APRD","0",0,"Old"
"SEFCRI","NCRMP",2022,"Deerfield","3279",26.32908,-80.05661,"PTDP1","APRD","0",1.44444444444444,"Old"
"SEFCRI","NCRMP",2022,"Deerfield","3280",26.29405,-80.06026,"PTDP1","APRD","0",17.5,"Old"
"SEFCRI","NCRMP",2022,"North Palm Beach","3005",26.71817,-80.01232,"DPRC0","DPRC","0",42.5,"Old"
"SEFCRI","NCRMP",2022,"North Palm Beach","3006",26.83021,-80.01202,"DPRC0","DPRC","0",85,"Old"
"SEFCRI","NCRMP",2022,"North Palm Beach","3013",26.8299,-80.01169,"DPRC0","DPRC","0",0,"Old"
"SEFCRI","NCRMP",2022,"North Palm Beach","3023",26.83404,-80.01663,"DPRC0","DPRC","0",0,"Old"
"SEFCRI","NCRMP",2022,"North Palm Beach","3025",26.86096,-80.02034,"DPRC0","DPRC","0",0,"Old"
"SEFCRI","NCRMP",2022,"North Palm Beach","3026",26.87212,-80.01947,"DPRC0","DPRC","0",13.3333333333333,"Old"
"SEFCRI","NCRMP",2022,"North Palm Beach","3159",26.72893,-80.03132,"NEAR0","CPSH","0",0,"Old"
"SEFCRI","NCRMP",2022,"North Palm Beach","3263",26.72376,-80.01807,"PTSH2","PTCH","0",0,"Old"
"SEFCRI","NCRMP",2022,"North Palm Beach","3264",26.72425,-80.01789,"PTSH2","PTCH","0",70,"Old"
"SEFCRI","NCRMP",2022,"North Palm Beach","3285",26.82517,-80.01622,"PTDP0","PTCH","0",0,"Old"
"SEFCRI","NCRMP",2022,"South Palm Beach","3002",26.71588,-80.01347,"DPRC0","DPRC","0",27.5,"Old"
"SEFCRI","NCRMP",2022,"South Palm Beach","3157",26.69387,-80.031,"NEAR0","RGSH","0",7.5,"Old"
"SEFCRI","NCRMP",2022,"South Palm Beach","3214",26.55078,-80.02741,"OFFR0","RGDP","0",0,"Old"
"SEFCRI","NCRMP",2022,"South Palm Beach","3215",26.717,-80.01835,"OFFR0","LIRO","0",12.5,"Old"
"SEFCRI","NCRMP",2022,"South Palm Beach","3243",26.61301,-80.02262,"OFFR1","LIRO","0",2.5,"Old"
"SEFCRI","NCRMP",2022,"South Palm Beach","3249",26.44772,-80.04525,"OFFR1","SPGR","0",25,"Old"
"SEFCRI","NCRMP",2022,"South Palm Beach","3252",26.5509,-80.02739,"OFFR0","RGDP","0",3.33333333333333,"Old"
"SEFCRI","NCRMP",2022,"South Palm Beach","3262",26.64076,-80.01874,"PTDP0","APRD","0",0,"Old"
"SEFCRI","NCRMP",2022,"South Palm Beach","3281",26.61788,-80.02062,"PTDP1","APRD","0",0,"Old"
"SEFCRI","NCRMP",2022,"South Palm Beach","3282",26.39654,-80.05188,"OFFR1","SPGR","0",4.375,"Old"
"SEFCRI","NCRMP",2014,"Broward-Miami","3125",26.25055,-80.07265,"MIDR0","LIRM","0",11.875,"Old"
"SEFCRI","NCRMP",2014,"Broward-Miami","3126",26.2466,-80.07233333,"MIDR0","LIRM","0",20.5,"Old"
"SEFCRI","NCRMP",2014,"Broward-Miami","3127",26.22176667,-80.07598333,"MIDR0","LIRM","0",7.65,"Old"
"SEFCRI","NCRMP",2014,"Broward-Miami","3128",26.1794,-80.08208333,"MIDR0","LIRM","0",21.75,"Old"
"SEFCRI","NCRMP",2014,"Broward-Miami","3129",26.17216667,-80.08065,"MIDR0","LIRM","0",30.5625,"Old"
"SEFCRI","NCRMP",2014,"Broward-Miami","3130",26.15818333,-80.08225,"MIDR0","LIRM","0",17.375,"Old"
"SEFCRI","NCRMP",2014,"Broward-Miami","3131",26.13473333,-80.08558333,"MIDR0","LIRM","0",2,"Old"
"SEFCRI","NCRMP",2014,"Broward-Miami","3132",26.10958333,-80.08976667,"MIDR0","LIRM","0",2.5,"Old"
"SEFCRI","NCRMP",2014,"Broward-Miami","3133",26.10408333,-80.08978333,"MIDR0","LIRM","0",15,"Old"
"SEFCRI","NCRMP",2014,"Broward-Miami","3134",26.10321667,-80.09016667,"MIDR0","LIRM","0",65,"Old"
"SEFCRI","NCRMP",2014,"Broward-Miami","3135",26.09548333,-80.09203333,"MIDR0","LIRM","0",8.25,"Old"
"SEFCRI","NCRMP",2014,"Broward-Miami","3136",26.08643333,-80.09031667,"MIDR0","LIRM","0",7.44642857142857,"Old"
"SEFCRI","NCRMP",2014,"Broward-Miami","3137",26.06068333,-80.09141667,"MIDR1","LIRM","0",11.8939393939394,"Old"
"SEFCRI","NCRMP",2014,"Broward-Miami","3138",26.06028333,-80.09351667,"MIDR0","LIRM","0",10.8911764705882,"Old"
"SEFCRI","NCRMP",2014,"Broward-Miami","3139",26.05396667,-80.09456667,"MIDR0","LIRM","0",17.5252525252525,"Old"
"SEFCRI","NCRMP",2014,"Broward-Miami","3140",26.04978333,-80.0939,"MIDR0","LIRM","0",11.1717171717172,"Old"
"SEFCRI","NCRMP",2014,"Broward-Miami","3141",25.98283333,-80.09566667,"MIDR0","LIRM","0",25.0416666666667,"Old"
"SEFCRI","NCRMP",2014,"Broward-Miami","3143",25.91668333,-80.0919,"MIDR0","LIRM","0",8.4375,"Old"
"SEFCRI","NCRMP",2014,"Broward-Miami","3144",25.91495,-80.09861667,"MIDR0","LIRM","0",17.3464912280702,"Old"
"SEFCRI","NCRMP",2014,"Broward-Miami","3145",25.90186667,-80.09973333,"MIDR0","LIRM","0",26.3888888888889,"Old"
"SEFCRI","NCRMP",2014,"Broward-Miami","3146",25.89908333,-80.09223333,"MIDR0","LIRM","0",17.1474358974359,"Old"
"SEFCRI","NCRMP",2014,"Broward-Miami","3147",25.89783333,-80.09971667,"MIDR0","LIRM","0",15.4411764705882,"Old"
"SEFCRI","NCRMP",2014,"Broward-Miami","3148",25.835,-80.09225,"MIDR0","LIRM","0",15.7941176470588,"Old"
"SEFCRI","NCRMP",2014,"Broward-Miami","3149",25.7894,-80.09308333,"MIDR0","LIRM","0",10.5,"Old"
"SEFCRI","NCRMP",2014,"Broward-Miami","3155",26.25923333,-80.07045,"MIDR1","LIRM","0",20.5833333333333,"Old"
"SEFCRI","NCRMP",2014,"Broward-Miami","3156",26.25336667,-80.072,"MIDR1","LIRM","0",20.9325396825397,"Old"
"SEFCRI","NCRMP",2014,"Broward-Miami","3157",26.21276667,-80.07731667,"MIDR1","LIRM","0",27.6071428571429,"Old"
"SEFCRI","NCRMP",2014,"Broward-Miami","3158",26.16945,-80.08066667,"MIDR1","LIRM","0",17.3106060606061,"Old"
"SEFCRI","NCRMP",2014,"Broward-Miami","3159",26.15411667,-80.08178333,"MIDR1","LIRM","0",19.125,"Old"
"SEFCRI","NCRMP",2014,"Broward-Miami","3160",26.1514,-80.0823,"MIDR1","LIRM","0",10.5555555555556,"Old"
"SEFCRI","NCRMP",2014,"Broward-Miami","3161",26.13876667,-80.0829,"MIDR1","LIRM","0",22.5598086124402,"Old"
"SEFCRI","NCRMP",2014,"Broward-Miami","3163",26.12601667,-80.08413333,"MIDR1","LIRM","0",8.92857142857143,"Old"
"SEFCRI","NCRMP",2014,"Broward-Miami","3164",26.12298333,-80.08446667,"MIDR1","LIRM","0",12.3214285714286,"Old"
"SEFCRI","NCRMP",2014,"Broward-Miami","3165",26.06163333,-80.0915,"MIDR1","LIRM","0",19.1,"Old"
"SEFCRI","NCRMP",2014,"Broward-Miami","3166",26.05215,-80.09216667,"MIDR1","LIRM","0",12.9880952380952,"Old"
"SEFCRI","NCRMP",2014,"Broward-Miami","3167",25.94516667,-80.0939,"MIDR1","LIRM","0",17.65,"Old"
"SEFCRI","NCRMP",2014,"Broward-Miami","3568",26.21096667,-80.07833333,"MIDR0","LIRM","0",12.8333333333333,"Old"
"SEFCRI","NCRMP",2014,"Broward-Miami","3569",26.19513333,-80.0807,"MIDR0","LIRM","0",7.2,"Old"
"SEFCRI","NCRMP",2014,"Broward-Miami","3570",26.18075,-80.08208333,"MIDR0","LIRM","0",19.5,"Old"
"SEFCRI","NCRMP",2014,"Broward-Miami","3571",26.11978333,-80.08556667,"MIDR1","LIRM","0",7.9047619047619,"Old"
"SEFCRI","NCRMP",2014,"Broward-Miami","3572",26.11713333,-80.08775,"MIDR0","LIRM","0",11.25,"Old"
"SEFCRI","NCRMP",2014,"Broward-Miami","3573",26.0648,-80.09448333,"MIDR0","LIRM","0",22.4553571428571,"Old"
"SEFCRI","NCRMP",2014,"Broward-Miami","3576",25.91631667,-80.09896667,"MIDR0","LIRM","0",17.9791666666667,"Old"
"SEFCRI","NCRMP",2014,"Broward-Miami","3577",25.91175,-80.09248333,"MIDR0","LIRM","0",15,"Old"
"SEFCRI","NCRMP",2014,"Broward-Miami","3582",26.18705,-80.08003333,"MIDR1","LIRM","0",5.95833333333333,"Old"
"SEFCRI","NCRMP",2014,"Broward-Miami","3583",26.16313333,-80.08121667,"MIDR1","LIRM","0",33.3660714285714,"Old"
"SEFCRI","NCRMP",2014,"Broward-Miami","3584",26.1252,-80.08423333,"MIDR1","LIRM","0",17.1666666666667,"Old"
"SEFCRI","NCRMP",2014,"Broward-Miami","3585",26.06998333,-80.09298333,"MIDR1","LIRM","0",21.4333333333333,"Old"
"SEFCRI","NCRMP",2014,"Broward-Miami","3588",25.99028333,-80.09723333,"MIDR1","LIRM","0",19.3129571577847,"Old"
